area_construccion;num_pisos;tipo_proyecto;calidad_materiales;experiencia_equipo;distancia_proveedor;duracion_proyecto;num_trabajadores;ubicacion_urbana;costo_mano_obra;costo_total
953.0695494;8;Industrial;Alta;1;15.54907657;5.416752826;21;1;26.71235924;1980347.399
765.3526942;2;Comercial;Media;2;9.034994263;6.492190578;39;0;21.21830599;1502598.219
997.1985152;2;Industrial;Baja;8;28.63803906;4.239610215;23;1;24.25480912;1869133.288
1339.667657;5;Comercial;Baja;5;28.03766129;5.28585676;29;1;17.99007046;2487991.777
1258.439069;1;Comercial;Media;13;8.977341635;2.193915737;21;0;19.5047331;1870182.065
788.7693186;1;Industrial;Media;11;10.58595483;6.851952618;35;0;21.16229479;1568501.967
740.1574248;4;Industrial;Alta;2;7.268725301;3.227732701;19;1;27.43984743;1308871.258
888.6276252;8;Comercial;Baja;13;43.45746657;5.766843644;28;1;26.08754696;2209842.831
763.2019305;3;Comercial;Baja;4;34.95302146;6.843634544;25;1;15.11717988;2032676.936
1067.225337;2;Residencial;Baja;13;48.03057277;7.996243761;33;0;16.12494307;2174731.376
1627.807541;6;Industrial;Media;12;47.49082578;7.632205191;39;0;24.58828834;2878932.079
587.6854407;5;Comercial;Baja;11;26.21841232;1.316446336;21;1;17.78197434;1520694.939
832.0248108;4;Comercial;Alta;13;22.98120269;5.074581983;29;1;23.57570869;1841232.129
1305.951093;5;Residencial;Baja;6;20.8996898;8.057023424;18;1;21.96278975;2265565.552
1068.054514;9;Comercial;Alta;14;19.47829846;3.994935965;23;0;17.04449942;2453395.465
897.9935792;2;Industrial;Media;7;21.63510893;4.21645594;22;1;21.66061893;1698401.139
707.6916496;8;Industrial;Baja;8;54.95849471;5.003897493;11;0;23.88217318;1895760.211
1250.265738;3;Industrial;Media;5;32.10729686;4.555080007;49;0;15.63203362;2123152.902
1176.477317;6;Comercial;Baja;2;41.5940656;1.567700078;48;0;26.07010982;1964371.289
438.2359829;8;Residencial;Media;1;29.135743;3.320734328;33;1;22.2856458;1229327.901
1439.499659;5;Industrial;Media;14;12.22005684;4.890022068;26;0;20.11140985;2480104.741
596.1851931;7;Residencial;Media;3;23.32207493;4.792738747;32;1;20.2200977;1549894.31
802.5462502;4;Industrial;Alta;7;30.55334347;8.612796077;34;0;27.56624106;2034666.604
1463.557973;7;Comercial;Baja;12;39.22331204;3.653601931;48;1;25.02740252;2707095.909
733.7843935;6;Residencial;Media;10;8.921935681;3.661947839;42;1;18.94821066;1707014.094
1058.473812;4;Industrial;Baja;1;17.31166642;4.350250541;19;1;12.08246222;1789641.119
1095.720508;9;Residencial;Baja;9;5.24842068;6.226297004;46;0;23.72104728;2033292.382
1027.053729;8;Industrial;Alta;3;37.46015817;15.23235401;14;0;22.58381016;2718192.882
761.017279;1;Industrial;Alta;8;8.476224996;5.451651492;48;0;26.38746185;1400746.621
829.9028783;8;Industrial;Alta;3;12.1665728;4.41154451;18;1;24.93054273;1657267.001
924.3262865;4;Comercial;Baja;11;5.106144594;2.465704318;39;1;26.56090915;1787421.903
1146.976266;6;Residencial;Media;1;6.252301669;7.513238253;20;1;17.76080241;2213129.579
1134.983072;5;Residencial;Media;9;44.79010894;2.719561704;17;0;10.55794619;1899522.228
964.8473368;8;Residencial;Media;9;6.192963725;1.660724192;21;1;22.70484058;1618449.207
713.584792;6;Comercial;Media;14;14.64785618;7.538994274;49;1;22.26343225;2064335.53
1300.760131;2;Residencial;Baja;1;28.29540466;2.24833021;11;1;24.91591172;1653858.422
1985.584469;2;Industrial;Media;13;37.26637873;5.161480675;12;0;15.46601123;2951438.558
739.5120106;4;Comercial;Alta;8;15.5246742;7.704834376;36;1;16.2148673;1940892.536
673.2497855;1;Industrial;Alta;8;31.30214861;7.087825218;24;0;17.74008483;1600619.475
1555.271498;3;Industrial;Baja;10;13.50245133;7.514633893;33;1;17.17729218;2506025.537
822.39118;2;Industrial;Media;7;10.9394894;2.333056401;38;0;20.13483685;1405925.789
770.2457554;2;Residencial;Alta;3;3.751543081;7.978511344;35;1;16.8254624;1530849.61
667.4100151;8;Industrial;Baja;9;25.9949647;8.139100936;40;1;18.74828923;2155412.482
756.5588394;9;Comercial;Media;1;2.551350491;1.135851729;16;1;13.78758574;1520674.058
1176.203233;2;Residencial;Baja;13;7.903977726;2.513832392;13;0;24.19713629;1929587.624
1313.606707;5;Residencial;Media;8;20.23076423;8.452487831;33;0;13.75996529;2379663.832
1260.276117;7;Industrial;Media;2;22.13690352;4.948781;21;0;22.31724563;2239803.255
720.8835965;7;Industrial;Media;5;70.62575631;2.984758424;29;1;19.19145346;1802613.946
1196.299883;2;Industrial;Baja;7;16.55950232;3.664943427;26;0;26.34354853;1531308.285
685.3217025;4;Industrial;Alta;12;4.995935427;4.499195304;42;1;13.66663693;1604880.338
1042.935981;8;Comercial;Baja;14;17.42258906;3.55432543;42;0;23.437626;2150658.464
1974.085712;4;Residencial;Alta;13;34.85529279;3.092987763;37;1;16.61974408;2799739.072
704.2752927;2;Industrial;Alta;3;29.22150415;3.121774664;47;1;21.67023009;1445753.976
802.549371;9;Industrial;Alta;11;43.85331566;3.978390071;25;0;19.19029018;1946923.943
663.190813;3;Comercial;Media;6;48.40374415;7.993646201;30;1;16.8053124;1985261.283
1126.492083;2;Comercial;Media;3;33.88441464;6.584994133;12;0;25.9173911;2065979.217
712.5537821;5;Residencial;Alta;6;7.563070099;2.901605247;18;1;16.09780533;1266061.849
1369.827037;4;Industrial;Baja;2;21.08136924;1.672761814;13;0;30.69451727;1771608.333
660.5367143;4;Residencial;Baja;4;7.468848091;3.528686021;18;1;11.41893804;1212998.27
1318.20101;8;Residencial;Media;7;17.73745113;4.495688024;29;1;26.42683432;2343691.059
631.2304194;5;Comercial;Baja;14;19.7570816;1.294191609;45;0;20.9923062;1537820.889
922.9148692;3;Residencial;Baja;6;2.69746058;7.676776747;14;1;12.80731535;1486497.134
1034.219842;6;Comercial;Media;13;9.780405871;2.888465565;15;1;26.02793455;2164697.248
1359.739693;3;Comercial;Alta;2;62.28218237;2.574624383;13;1;12.3316792;2380765.617
534.9011867;3;Industrial;Alta;3;85.02109474;2.732396061;18;1;21.39972363;1547300.723
1134.81206;2;Industrial;Baja;6;7.437924687;3.825330144;34;0;18.04453617;1768414.616
966.1350747;2;Industrial;Media;11;6.962690487;17.2654902;13;1;14.92028763;2488261.23
1315.969615;6;Industrial;Alta;6;3.269620215;9.249432355;21;1;24.43213129;2254089.161
504.2134218;4;Industrial;Baja;1;11.48777413;6.37799905;39;1;25.18607464;1390085.457
1240.181714;4;Industrial;Baja;13;7.619020642;9.745592791;36;1;18.11693381;2519004.722
864.9396053;4;Residencial;Baja;5;8.567043728;13.87598275;39;0;14.86629248;1822084.529
1005.572191;3;Comercial;Media;2;37.92894128;11.00059482;36;1;11.22649606;2258993.119
1258.709055;3;Residencial;Baja;13;15.09427853;5.015912282;29;1;26.41454313;2170523.926
1003.570761;8;Residencial;Media;14;4.728254212;4.792463532;25;0;16.89399659;1783496.538
860.8226765;1;Residencial;Media;8;10.83959935;1.586325938;12;1;22.99312382;1315807.524
1226.672032;4;Industrial;Alta;1;14.36215194;3.8167346;25;1;14.24951596;1835560.776
1563.989901;3;Residencial;Baja;8;18.55011127;2.801860574;16;1;31.02942227;2275501.932
798.717611;4;Residencial;Baja;2;12.03104668;9.71085851;17;0;18.64410875;1681212.657
600.6954443;3;Industrial;Alta;13;35.14293016;1.847950793;21;0;14.35222517;1440964.762
951.2594797;9;Industrial;Media;9;0.689053519;2.962849614;22;1;26.70705917;1960081.561
789.5021568;5;Residencial;Baja;14;13.97554012;9.48189936;43;1;22.11779734;2056429.347
1608.472726;1;Comercial;Baja;10;8.121092845;5.19615733;22;1;15.58801161;2509313.992
861.6997267;5;Industrial;Media;1;17.43251192;3.848893276;40;1;15.58405471;1518075.979
1161.492416;4;Comercial;Alta;13;43.66233268;9.584172985;37;1;11.2303373;2612427.834
962.3916601;4;Comercial;Baja;14;21.42586777;2.396797302;18;0;21.94025534;1897810.913
1239.280546;7;Residencial;Baja;12;54.65175011;4.815686869;38;1;14.16198922;2537943.514
858.8164515;7;Residencial;Baja;3;18.90473487;6.43619837;19;0;25.8372385;1724343.07
803.256204;9;Residencial;Alta;10;5.602233442;1.947471749;28;1;19.52579407;1654524.934
643.8878257;5;Comercial;Media;4;0.279049194;6.252192459;47;1;14.46092185;1526654.281
1262.307215;3;Comercial;Media;14;1.176036728;7.906658176;16;0;19.21206782;2563702.584
886.1395519;1;Industrial;Media;4;3.917494909;2.604022581;15;0;15.88872419;1385059.252
515.9320321;9;Residencial;Media;7;11.04138533;8.999202929;42;0;27.07652531;1692915.188
1489.817012;2;Comercial;Alta;3;32.0689697;3.496822193;36;1;18.17846837;2358916.625
750.195829;2;Residencial;Media;10;4.785412517;4.605724387;13;0;19.49153801;1250504.685
922.1136321;4;Residencial;Media;10;17.5256067;5.797477419;23;0;18.86144736;1822432.934
1078.228741;9;Comercial;Baja;1;14.93488271;2.400795899;29;1;15.84935701;2055195.858
493.5439644;9;Industrial;Alta;13;12.69163493;8.183529857;15;1;15.84551019;1811556.043
825.8121493;7;Residencial;Baja;14;26.77356985;4.819461478;12;0;18.57327994;1822731.335
442.0107432;4;Comercial;Media;3;9.213309926;3.298951121;14;0;17.07048599;1115432.768
1184.82878;3;Residencial;Alta;6;32.08607712;3.691406839;32;0;11.13626505;1715768.222
829.1430488;3;Comercial;Baja;7;18.01321316;5.834876477;13;1;24.32784925;1754366.482
1219.35029;6;Comercial;Alta;4;17.53215347;7.908385826;39;0;22.90875561;2278987.144
1169.191514;9;Comercial;Baja;8;30.61434409;14.40125641;14;0;18.79638757;2884707.204
932.0804136;6;Residencial;Alta;3;31.1379086;4.310125538;16;1;25.58994945;1743945.658
852.3891895;2;Industrial;Media;6;5.392551838;1.970689705;44;0;21.75669391;1263598.219
929.3844536;1;Industrial;Alta;12;9.998481827;6.98808277;14;0;26.40843123;1751987.675
1200.605586;7;Industrial;Media;2;22.63011013;6.290021728;33;0;16.16540959;2211386.508
932.5198297;7;Residencial;Baja;4;26.47101897;5.384635546;19;1;27.3836874;1971379.225
1376.456322;4;Residencial;Alta;14;2.022267574;7.630426415;30;0;12.61371774;2423737.539
1054.423388;8;Residencial;Baja;6;32.5242387;2.214121362;21;1;24.08032953;2023439.704
1122.750105;8;Industrial;Baja;4;21.41008519;4.924378427;36;1;13.47094768;2050233.546
864.8243502;5;Residencial;Baja;5;29.49802789;4.714118372;10;0;21.41254244;1589553.954
818.555758;3;Industrial;Baja;5;79.82071889;4.103906911;37;0;18.25577364;1950655.37
904.9450227;2;Industrial;Alta;14;30.5517944;2.08488054;41;0;18.61136188;1625964.508
835.3460419;9;Industrial;Alta;9;1.518639613;6.441812716;31;1;20.31786388;1767536.171
844.353397;3;Comercial;Media;11;21.35066123;13.12150208;31;1;18.82492121;2281946.238
1044.420591;6;Comercial;Baja;8;24.03490984;11.8170635;33;0;22.43818015;2465111.838
557.8569026;2;Industrial;Alta;1;44.86647368;2.592681985;49;0;16.91163661;1170438.736
1044.560608;3;Comercial;Media;8;23.61946007;1.963852543;34;0;20.77704528;1700499.842
618.7972742;6;Residencial;Baja;7;1.014368085;10.49322718;45;0;23.17958143;1541229.343
1131.335461;2;Residencial;Media;4;3.568815908;2.734586257;39;1;34.17237482;1567072.086
888.992606;4;Industrial;Media;7;9.385840325;5.526663955;26;0;22.54868988;1727531.216
1256.333545;7;Residencial;Alta;3;11.18666164;2.961100752;36;0;18.45355449;2010227.7
980.852598;2;Comercial;Baja;13;19.73595012;5.017427308;29;0;18.8471223;1840711.186
896.5020088;7;Industrial;Alta;13;22.40877195;5.532319943;26;0;22.88262795;2053654.196
909.8355248;1;Industrial;Baja;3;8.290328503;9.307075678;32;0;9.12891713;1619248.933
955.916483;2;Residencial;Media;14;9.820952306;3.545836633;44;0;30.48264336;1653388.783
1224.428529;5;Residencial;Baja;12;45.16679437;5.193274458;25;0;15.8229003;2249519.699
896.5106989;6;Industrial;Alta;2;16.71225749;6.05953241;28;0;21.82121468;1712556.084
951.2243471;5;Residencial;Media;9;3.65009319;9.557097248;13;0;16.60673597;2039492.36
1235.70352;5;Industrial;Baja;5;35.01904324;3.488979542;45;0;23.8873816;2130526.762
1055.096195;4;Industrial;Media;7;6.267636382;2.104886982;36;1;26.98519366;1812756.846
977.3193856;2;Industrial;Media;10;12.48967797;7.333603564;42;0;23.02395323;1828671.271
829.1932977;5;Residencial;Media;9;6.942391877;2.192069904;17;1;14.41189224;1502704.173
597.4504541;7;Industrial;Alta;7;11.63147681;1.756226649;41;1;15.90494682;1392972.309
1018.50178;8;Industrial;Alta;1;24.02338843;2.565937756;14;0;12.70843116;1878643.139
1150.277499;3;Residencial;Alta;6;32.93912887;5.818664114;35;1;15.9615351;1940691.125
1143.212655;3;Residencial;Alta;13;4.572721577;6.6798657;38;1;25.29120191;2029018.09
1016.829343;9;Residencial;Media;11;34.50190902;3.358615316;31;1;18.64396461;2168476.268
1126.052434;8;Industrial;Baja;6;1.599118312;2.463286629;45;1;25.91022695;2092343.861
1420.67139;5;Residencial;Media;6;6.159112697;7.43940985;30;1;29.64993064;2308198.839
1071.842454;7;Residencial;Baja;12;6.113529787;7.222954622;42;1;23.95469276;1870702.843
1045.249505;9;Residencial;Baja;8;14.35318712;11.3237913;44;1;18.48540177;2387349.663
959.5740283;4;Comercial;Alta;11;0.580719426;3.769167454;42;1;24.03157988;1849554.597
829.8320708;3;Industrial;Alta;1;5.07795531;11.60636829;46;0;21.40459265;1816404.149
527.0987357;4;Comercial;Baja;10;3.513044663;9.279550093;38;1;14.57484968;1672154.646
676.2212742;4;Comercial;Media;8;29.93418963;2.53570265;12;0;15.93814789;1476767.784
979.566462;6;Residencial;Baja;7;14.19592827;8.736899869;41;1;20.588983;2075620.743
1266.135307;6;Comercial;Baja;11;15.6796787;3.021890486;47;1;19.08471773;2071086.966
724.6856883;3;Residencial;Media;10;6.471527637;6.273668857;27;1;23.61233617;1463212.788
945.9839186;5;Comercial;Baja;6;42.99330847;2.524180886;44;1;12.04253814;1958005.014
1192.854565;1;Residencial;Media;14;31.37863912;5.103182215;10;1;29.06800241;2050822.373
623.6547102;2;Industrial;Baja;13;5.334309498;6.829581051;10;1;11.24520431;1502847.212
991.1271781;7;Comercial;Alta;2;14.70434613;5.277228276;45;0;20.00477863;2030010.262
714.7641041;8;Comercial;Media;2;10.68867831;7.362335658;10;0;26.78524952;1761482.624
1253.765884;6;Industrial;Media;10;5.937353362;7.973188879;20;1;19.00021447;2323315.19
1226.457061;9;Comercial;Baja;6;8.662036243;6.957646372;45;0;14.47423866;2358960.84
998.8361299;1;Comercial;Alta;13;29.87194194;9.003903209;49;1;26.62260766;2378831.682
575.2399699;4;Residencial;Alta;5;23.67628002;3.869607456;32;1;19.87788404;1024616.978
618.1258075;3;Industrial;Alta;9;25.80679812;3.483152405;31;0;24.09417425;1472511.083
993.2397222;8;Comercial;Media;3;19.73468491;4.540322379;17;1;16.80718251;2065108.731
780.85019;1;Residencial;Alta;13;26.44504757;3.333156237;32;0;21.31814102;1471354.028
1862.527644;6;Comercial;Alta;9;29.24670398;7.156141849;35;0;17.8882513;3090659.028
968.7498039;1;Comercial;Alta;8;27.56499341;2.885803982;39;0;15.05544504;1538931.806
784.2558526;5;Residencial;Alta;1;58.44627293;7.29305229;11;0;17.93516505;1657899.595
1248.386502;8;Industrial;Baja;6;3.327576104;16.68451731;14;0;21.56919855;2802106.171
1393.40279;9;Comercial;Alta;8;23.28710786;5.256995281;45;1;21.22153469;2739802.679
1017.620344;7;Residencial;Baja;9;5.808575168;4.533403528;26;1;9.045453419;1913863.417
882.6399176;3;Comercial;Alta;9;18.43682878;4.740920719;33;1;15.1241078;1757917.854
867.075905;3;Residencial;Baja;9;31.98180823;4.919641707;22;1;20.47752284;1598126.132
1021.103588;7;Industrial;Alta;6;11.56204973;4.846403396;28;0;15.19483645;1914418.662
840.0686606;2;Industrial;Alta;11;33.36830886;3.785771993;44;0;18.98442533;1687148.406
1253.499202;2;Comercial;Baja;5;20.58500313;5.282467017;39;0;17.39057016;2169448.504
733.8006623;6;Industrial;Alta;11;28.79509674;2.774564075;30;1;17.82566189;1815417.227
873.4732953;4;Industrial;Baja;1;15.45384504;6.534323418;44;0;18.06375928;1622056.671
776.6727098;6;Industrial;Alta;3;7.512625544;1.633699375;41;1;16.83294633;1425962.604
1096.55793;3;Residencial;Alta;9;22.62231722;7.789299722;21;1;9.645359552;1849512.685
977.0849541;3;Industrial;Baja;13;60.50037867;6.074863981;36;0;20.92177849;2184535.122
458.9332782;7;Industrial;Media;2;17.6422777;8.133818007;10;1;21.46757395;1535750.036
748.1734695;3;Industrial;Baja;3;23.81425494;3.232190179;20;0;23.96867322;1361323.033
845.5444716;4;Residencial;Baja;6;27.22417517;1.25062103;37;1;16.08763637;1504356.96
727.632615;8;Industrial;Alta;3;13.58462041;4.474323661;12;0;27.39101529;1482438.003
1592.858351;8;Industrial;Alta;4;3.239806754;6.063583074;47;1;11.44130869;2672094.863
893.0076598;9;Comercial;Baja;8;25.46782465;8.811895701;17;0;16.6479477;2445683.95
1069.054776;3;Comercial;Alta;5;28.48011979;1.204462548;37;0;20.68352512;2063106.047
1408.262383;4;Residencial;Alta;3;18.40004855;8.039166658;40;1;23.29615154;2420154.12
1153.974259;2;Residencial;Baja;3;16.24009605;6.312473716;42;1;27.8298633;1904830.544
1560.981892;5;Residencial;Media;14;1.987550853;5.659734157;49;1;19.74106881;2528907.017
829.4225269;5;Industrial;Alta;2;7.52696408;0.696116643;23;1;17.71050517;1298818.398
1279.86154;1;Residencial;Baja;12;2.776990569;10.03983882;26;1;29.32629702;2329842.584
1226.637437;1;Comercial;Baja;6;23.01246532;5.031730815;30;0;18.70919871;2039896.558
659.4366812;5;Comercial;Baja;9;13.18370435;11.62665548;43;0;13.93854746;2005414.651
916.1905852;7;Industrial;Media;1;8.586539007;6.887296185;28;0;19.00964265;1773022.705
904.085677;2;Residencial;Alta;1;37.25732088;10.27997365;18;1;21.36010347;1822455.457
937.1663022;6;Residencial;Alta;9;27.59574393;11.35031974;42;0;31.70428367;2245892.656
1053.805041;9;Residencial;Alta;5;23.80045349;4.041397022;22;1;15.41122337;1829193.937
998.4034624;3;Industrial;Media;11;30.47952351;11.36806334;46;0;23.3992611;2294025.707
1488.873216;5;Comercial;Baja;9;30.37808887;2.626538512;34;1;14.92752211;2373758.377
1192.504916;5;Comercial;Media;8;36.57583496;3.66935175;25;1;20.09474047;2227979.839
1247.031837;2;Comercial;Baja;9;19.17089817;3.739516005;42;0;19.8192261;2239450.561
1021.56463;7;Industrial;Alta;2;34.04024498;6.472097066;48;0;25.81996707;1982756.012
1338.130694;2;Residencial;Alta;4;59.07092209;5.917556664;19;1;28.12414365;2144042.639
751.778995;6;Comercial;Baja;4;18.37449319;3.618356977;10;0;29.12751729;1697066.014
1802.973306;7;Residencial;Media;5;35.40513373;10.96536367;29;1;19.47907632;2994548.511
397.6501264;6;Comercial;Baja;2;14.51665805;7.963146417;16;0;31.01053977;1517036.159
830.4421683;3;Industrial;Baja;11;22.38633485;3.668930733;13;1;21.70743947;1627998.007
1555.74491;6;Residencial;Baja;10;54.81613559;6.265545174;40;0;17.0121308;2733422.159
1148.733166;8;Residencial;Alta;5;23.18224501;2.620754736;23;1;17.94170882;2003349.27
771.3616678;6;Comercial;Alta;5;23.65720749;5.192942369;33;0;10.33483871;1900532.337
922.5615218;1;Residencial;Alta;14;20.45827931;6.921972516;13;0;20.40607074;1965053.162
1113.773587;2;Industrial;Alta;2;38.14823964;16.6169485;26;0;16.85668022;2258929.576
797.2628361;8;Industrial;Media;6;25.94469444;11.6139742;45;1;19.60293325;2280206.525
754.940107;8;Residencial;Alta;10;29.44980656;5.349966777;11;0;17.98265117;1874398.961
1211.318672;6;Comercial;Media;5;19.33679794;4.88707399;16;1;23.31643115;2191437.723
626.596705;3;Industrial;Baja;9;12.18774831;10.45422972;35;0;18.32350734;1696825.429
890.8994408;4;Industrial;Alta;7;5.67674858;14.57410633;27;1;19.92810757;2287847.436
509.3732163;8;Comercial;Media;10;24.1351196;3.758569112;41;1;17.00529532;1642444.962
1244.779409;3;Residencial;Media;2;1.177143967;2.733208947;49;0;18.92708483;1626933.959
829.8466974;7;Comercial;Alta;6;74.03689118;9.128052786;48;0;30.61988559;2304891.666
978.5018564;1;Residencial;Alta;6;15.82861248;6.211240396;36;0;17.38556154;1692576.605
973.4117992;6;Residencial;Media;5;26.57344852;6.731485919;37;0;24.67326991;1891615.036
852.5445314;2;Residencial;Baja;2;13.36159627;13.53811825;38;0;19.01646068;1756956.878
1280.833981;3;Residencial;Baja;7;1.352848633;1.248690855;11;1;16.14768529;1577589.85
738.302114;2;Residencial;Baja;13;42.22373364;3.207121023;41;1;21.7718075;1442686.05
942.1659668;1;Comercial;Alta;9;22.92322882;7.98239547;36;1;16.19721431;1994593.591
1301.292549;9;Comercial;Alta;4;2.393735865;6.438406119;38;0;28.37014692;2401525.38
829.7401092;8;Residencial;Baja;8;12.84488894;20.75573698;10;1;15.97783478;2673957.041
826.6973132;1;Residencial;Baja;13;21.13746535;4.540248678;43;0;23.76593569;1601265.536
1139.39656;4;Comercial;Baja;7;20.67254999;2.816347714;46;0;24.4754694;1934895.17
1223.39269;9;Residencial;Alta;8;7.465459725;3.03329181;30;0;14.97630412;2194531.565
1115.466519;8;Industrial;Baja;2;5.261932255;3.15216729;36;1;17.23550818;1917643.936
602.9259707;3;Residencial;Media;1;3.898123016;8.144812808;29;1;6.899581933;1217280.15
290.6295964;5;Residencial;Alta;4;16.595744;5.206186522;16;1;23.84127006;964477.2604
1030.072122;5;Residencial;Alta;2;7.247885187;5.358766681;17;1;14.33762467;1727175.921
982.919437;1;Comercial;Baja;4;15.77134698;11.38227742;24;0;21.82598819;1972219.48
1462.625876;7;Comercial;Alta;8;25.18779105;7.988929687;34;0;14.25263752;2760753.866
614.7000451;4;Industrial;Media;12;6.81909141;6.503441273;41;0;21.5130169;1899777.385
889.4506238;7;Residencial;Baja;10;57.78949812;3.55714171;34;0;22.58962466;2119915.614
909.9343348;1;Comercial;Media;13;41.18841223;8.080441177;41;1;22.05071162;2122298.868
1286.031678;1;Industrial;Media;11;8.875679157;5.762959866;27;0;23.8203369;2177970.339
1310.359136;9;Residencial;Media;3;5.922487512;3.023000928;49;0;23.40839201;2090017.799
1010.590313;9;Industrial;Media;12;18.34735045;2.065080578;39;1;16.04018351;2171307.21
1094.647131;6;Industrial;Baja;10;13.26272538;2.202256073;25;1;23.10968655;1914883.124
1165.506048;2;Comercial;Baja;11;6.409816013;11.46844513;44;0;16.72306151;2548267.036
1042.785555;5;Industrial;Alta;8;7.020959706;8.43977947;34;0;22.54555398;2059308.795
1073.781753;1;Industrial;Alta;8;19.24036051;5.348102523;27;1;20.90270185;1773604.732
661.6467597;3;Comercial;Media;11;11.54026642;8.444973541;32;0;23.57767192;1534171.3
1284.374068;1;Residencial;Baja;2;13.91110737;4.353821967;41;1;16.26815104;1982556.429
543.0936519;8;Industrial;Media;4;47.58016959;5.122583924;20;0;20.99852782;1637451.061
1476.337364;2;Residencial;Baja;1;6.530390507;2.789686708;35;1;22.1897733;1941655.826
844.9853925;5;Residencial;Media;2;14.94430891;2.939045408;20;0;18.58615078;1485310.647
1350.276307;5;Industrial;Media;7;4.122840624;6.352226302;25;0;19.37297459;2219727.092
1345.281418;2;Industrial;Baja;13;33.33757388;4.054574944;31;0;21.15112588;2325574.98
709.4855769;6;Comercial;Baja;11;29.8790754;0.939416056;24;1;20.48566962;1811961.526
912.6334534;9;Industrial;Alta;14;22.11293246;3.579338409;25;1;21.5204096;2163893.071
1405.915181;1;Industrial;Media;2;3.077375749;5.642190512;23;1;20.18771362;1950276.227
1064.885609;4;Industrial;Media;9;17.55854182;7.958010461;43;0;18.0051721;2036498.937
251.498003;4;Comercial;Media;8;14.45099805;3.229021606;31;0;18.54784366;1109580.61
926.5788797;8;Comercial;Media;12;37.44720943;3.856341762;36;1;20.65894567;2291787.954
1196.054772;2;Comercial;Baja;2;27.18324039;4.639589598;44;1;21.12768962;2047299.978
896.7699108;7;Comercial;Baja;9;10.98531445;8.136775428;46;1;22.99968156;2122466.867
939.6046975;4;Residencial;Media;3;2.508343511;6.034558914;41;1;10.92956461;1606826.79
1109.699782;8;Residencial;Alta;3;49.54004832;2.499031566;39;0;25.14884643;2133439.699
1019.766886;5;Comercial;Baja;10;2.847080061;6.979438271;25;0;19.09296704;2090135.29
820.0050946;2;Residencial;Media;7;33.50498958;8.213900819;22;1;17.35540132;1803652.457
746.8861518;5;Residencial;Alta;10;1.195992893;1.45645872;28;0;26.42111673;1422181.745
962.0832894;1;Industrial;Media;13;51.21298433;2.517923426;45;1;17.01609595;1949247.478
1494.8533;4;Industrial;Alta;1;9.272657933;1.533491846;25;1;20.75503655;1963912.059
1493.039731;9;Residencial;Baja;6;38.67506165;9.130193341;18;0;12.80226961;2999172.181
812.4951491;5;Comercial;Baja;8;25.08108843;8.976292708;22;1;19.99376771;2148765.116
1034.738231;5;Residencial;Media;8;79.47611524;1.192351575;15;1;14.53214622;2026183.607
941.9074065;6;Residencial;Alta;9;17.50670242;10.28314144;33;1;16.24215667;2074784.713
915.3227305;7;Residencial;Alta;9;36.04767304;3.258127644;21;1;21.32996529;1806148.016
663.1905958;7;Industrial;Alta;13;9.619867423;1.523377991;29;1;28.58573306;1701828.577
1081.519874;8;Comercial;Baja;2;34.80997902;2.599693972;24;0;15.61843587;2118546.672
793.0446972;5;Industrial;Baja;5;17.03022901;14.8753624;17;0;25.76147501;2194458.376
1290.048713;5;Industrial;Alta;9;38.780729;4.453263932;15;0;16.80236794;2223491.471
1080.606678;5;Industrial;Baja;13;29.65787897;12.3865446;30;1;25.92399198;2672397.566
1042.192969;9;Residencial;Alta;4;20.91324214;5.996877457;25;0;22.00147696;2092529.068
906.8470858;5;Comercial;Alta;9;11.54654851;2.647432798;47;1;26.30402131;1902277.163
1162.227453;7;Industrial;Alta;2;18.43522079;9.210225108;49;1;19.51002636;2270201.266
1198.717994;3;Industrial;Alta;3;13.01813895;6.755665549;28;1;17.85191859;2047767.001
828.7280788;6;Comercial;Alta;9;5.40765591;2.879046352;36;0;26.08976761;1802648.288
945.311048;9;Residencial;Baja;1;12.2781855;8.174263218;46;1;24.3314872;1851665.513
1488.3472;9;Comercial;Alta;9;4.823744684;1.745279517;35;1;10.66781232;2473948.776
1085.759711;6;Industrial;Media;13;32.04592403;6.129548046;15;0;30.86081578;2278060.678
1272.762045;7;Comercial;Media;13;56.22488694;2.217141773;34;1;21.3935511;2505343.192
1210.818676;5;Comercial;Alta;12;29.36978007;5.058514991;27;0;22.85661154;2429578.313
1170.74438;5;Industrial;Baja;12;1.863145338;3.296330274;26;1;24.36270637;1999645.114
1182.063871;2;Comercial;Alta;3;18.45838872;8.514519915;47;0;13.61350523;2138654.538
1228.006977;6;Industrial;Alta;8;9.542655958;7.522110891;16;1;17.61309026;2312491.359
894.9310614;1;Comercial;Baja;11;31.69720214;7.736109319;36;1;23.80002962;1991936.311
1087.721233;2;Industrial;Alta;3;16.09763676;2.568588757;44;0;22.40998291;1773593.461
786.5039954;1;Comercial;Baja;8;15.32326574;1.647683424;40;1;13.00894831;1457015.59
1947.104748;3;Industrial;Alta;9;7.826326499;6.127779573;32;1;28.37358356;2926920.425
995.5421202;4;Industrial;Alta;13;28.61697836;12.49312786;13;0;26.32488048;2115993.072
1040.554856;3;Residencial;Alta;8;18.33327243;6.4377909;43;1;21.94703666;1915252.01
707.4949238;3;Comercial;Media;6;21.15912607;1.485719902;18;1;19.43676531;1472702.654
1151.918095;5;Comercial;Alta;12;40.41742152;7.365220538;35;1;20.03118726;2632280.744
1305.73895;5;Comercial;Baja;3;6.260085275;6.87587546;34;1;15.13596208;2235852.221
882.0940971;1;Industrial;Alta;10;16.54287127;16.34162382;16;0;17.2823332;2156905.655
533.0563921;4;Industrial;Baja;7;15.12349162;8.111282278;18;1;28.7061903;1590310.552
1190.625384;4;Comercial;Baja;11;27.57024559;3.756996188;13;0;17.88358157;2362426.101
875.4573514;5;Residencial;Baja;11;38.22868152;4.658159051;39;1;15.11238495;1767778.368
500.498364;6;Industrial;Alta;8;29.20064554;12.38822553;48;1;17.6796111;1984891.696
1026.766256;2;Comercial;Baja;8;15.17320297;3.93364894;24;1;23.32577844;1905202.942
830.5530499;2;Industrial;Alta;4;14.52201343;8.786111832;11;1;19.68782596;1778926.573
993.0867987;2;Comercial;Media;1;27.32512991;5.63680243;33;1;18.89930741;1874748.967
1001.667353;8;Industrial;Media;11;11.51774612;3.881298287;29;1;27.67892325;2102142.681
1017.071875;3;Industrial;Baja;14;3.473179979;6.564264663;18;0;19.46986707;1787952.096
623.1903073;6;Residencial;Baja;11;10.56428499;5.168782685;17;1;22.9274619;1538096.975
1221.31363;3;Industrial;Baja;7;74.12406451;5.194725786;19;1;29.34586126;2285281.913
659.2294913;8;Industrial;Baja;14;26.91638525;6.333556728;22;0;6.888157403;1822327.436
1625.668335;3;Residencial;Alta;3;11.68052154;4.869159243;29;1;18.61735936;2167205.158
358.5674203;4;Industrial;Media;8;18.14002941;4.593995103;22;1;25.1432243;1081321.221
863.8200827;1;Residencial;Alta;11;23.08170737;6.851376018;35;0;19.48914983;1604627.808
1400.151147;7;Industrial;Media;13;16.72978826;4.314255706;42;1;18.16878857;2518901.14
879.8341952;6;Residencial;Baja;3;12.37752107;5.021334759;40;1;18.19667511;1538508.195
438.5192017;6;Comercial;Alta;8;1.031607274;5.21189919;33;1;18.47398152;1505643.639
946.5104931;9;Industrial;Media;8;14.51935623;2.610649256;33;1;18.5228277;1984220.862
1100.029168;5;Comercial;Alta;5;38.79208351;8.701649734;28;0;24.10082663;2212284.969
1034.790636;9;Residencial;Media;1;3.89343823;10.0972359;43;0;15.83437836;2038965.07
1688.958704;3;Comercial;Baja;9;21.56793015;7.544083777;39;0;17.61301029;2796869.421
609.9268327;2;Industrial;Alta;13;14.63651427;3.859542076;13;1;15.89265882;1530021.382
862.6641949;4;Comercial;Baja;12;48.73940268;9.038036862;30;1;19.74561665;2214387.937
922.0940991;5;Comercial;Baja;12;18.26075564;4.611246426;17;0;9.352446393;1800031.142
810.2315502;3;Residencial;Media;10;47.92346126;5.173897444;13;0;23.42470616;1696501.37
1179.267495;6;Industrial;Media;10;24.53774512;8.525652579;10;1;11.54517555;2246228.718
636.2866906;4;Comercial;Baja;8;50.06345818;1.852030456;11;0;13.97212305;1499340.019
1484.042246;4;Industrial;Media;14;9.765845582;9.967561623;16;0;18.54356185;2588128.082
1468.673263;3;Comercial;Media;8;37.99745377;1.418397125;43;1;15.01598255;2165395.411
1125.366647;1;Comercial;Baja;4;4.826389753;6.034488195;32;0;13.4457802;1750608.372
941.4331163;7;Residencial;Baja;3;22.7088535;4.515898487;19;0;16.00913231;1638584.004
939.4101316;9;Comercial;Media;8;8.29314932;2.635051481;35;1;20.86111046;2040560.985
703.1893947;2;Industrial;Baja;13;28.89486971;11.42447471;16;1;20.89572297;2045882.703
743.8137695;2;Residencial;Media;9;8.2642538;8.449281619;13;1;19.58989223;1495052.381
570.174303;3;Residencial;Alta;6;7.761722294;2.72504476;40;1;18.69548599;1065344.889
862.8502668;1;Residencial;Alta;2;51.16848431;6.477974933;14;1;22.80819392;1622126.746
1199.844618;1;Comercial;Baja;14;12.6584572;6.923883334;29;1;21.17760668;2269324.737
1013.767165;3;Residencial;Baja;14;15.00105601;5.878612903;48;0;20.02764735;1799274.145
793.3424044;4;Comercial;Media;8;21.2475082;2.806242009;26;1;5.831190869;1581729.002
1144.367002;5;Industrial;Baja;2;29.09603414;4.565162485;32;0;9.344730611;1954268.684
1061.000808;1;Comercial;Baja;5;9.963757356;5.062084766;43;1;17.29798047;1799151.838
1070.865454;2;Residencial;Baja;11;27.53632524;4.370868534;41;0;23.16207184;1698957.909
879.5516078;3;Industrial;Alta;1;2.243294617;7.123757366;46;1;17.19238402;1497108.998
945.5047297;5;Residencial;Baja;12;11.44094642;9.079800285;11;0;21.4077262;2006908.871
742.4067642;2;Comercial;Baja;4;20.2110383;5.23182062;16;0;23.97070819;1351063.493
807.7933834;2;Comercial;Baja;12;49.30239877;9.195190504;17;1;14.58872049;2074608.893
942.4577353;8;Industrial;Alta;14;7.149146609;10.33460439;41;0;13.58480589;2254184.38
1373.455538;3;Residencial;Media;14;3.555359416;3.857073492;42;0;12.34041424;2273307.744
1389.012652;3;Comercial;Alta;11;73.5886983;7.546524966;21;1;18.92698612;2795724.526
661.3965858;1;Industrial;Media;5;8.163109674;3.831431666;22;0;23.60772994;1099868.287
1504.144499;1;Comercial;Alta;5;37.38928949;5.609646216;44;0;10.08164008;2325248.212
855.3037681;8;Residencial;Media;5;16.83718929;5.089668578;22;0;18.65581762;1772302.801
700.6294614;1;Residencial;Alta;13;21.21869472;3.053089049;28;1;17.15678549;1307285.093
960.1889117;9;Industrial;Media;7;10.15068282;6.709179268;10;0;16.45988011;2091694.612
1008.881257;2;Comercial;Baja;9;44.96685025;3.45591705;13;0;11.45125354;1966754.52
564.2050305;9;Residencial;Media;10;41.04714058;5.628718962;22;1;22.44907724;1737654.283
1156.017193;4;Residencial;Alta;6;7.273223259;1.337895222;27;0;13.60481638;1692265.121
441.997966;5;Comercial;Alta;11;19.30277208;3.708942968;32;0;25.1039387;1371815.17
1353.242196;5;Comercial;Media;8;5.151808256;4.851034203;10;1;28.94490141;2413539.637
1505.123482;8;Comercial;Baja;7;14.06532806;9.342217331;10;1;17.73186748;2856214.896
878.1417911;9;Industrial;Media;3;11.4212344;7.878227722;11;1;19.92012272;2069572.778
953.8957063;6;Industrial;Baja;9;10.87289787;7.083840866;10;0;21.55270657;2026514.115
1156.417431;3;Residencial;Baja;8;31.16536124;4.2367496;11;1;28.14350544;2034028.871
481.5525576;2;Residencial;Media;8;13.4664076;3.372099784;46;1;24.43603812;1051157.157
836.5259541;1;Comercial;Media;11;16.78823327;1.318877293;27;0;24.41095086;1449669.583
1248.312791;4;Comercial;Media;13;22.85723597;6.418426101;20;1;22.73784871;2501460.458
912.5862479;3;Industrial;Alta;12;4.520371553;3.523601567;40;0;21.84226259;1687499.389
1507.814262;2;Residencial;Media;8;32.13154069;5.251990204;47;1;19.67523752;2218177.058
557.5019736;3;Comercial;Baja;12;2.686529798;23.78540336;41;1;26.61411073;2493142.414
488.6356187;6;Industrial;Baja;2;1.737014695;3.086028152;22;0;21.47138914;1234890.948
667.0129018;8;Industrial;Alta;1;13.33529188;6.802497658;24;0;22.46046877;1566535.595
842.1996562;9;Comercial;Baja;4;2.720692075;3.467855938;41;0;17.39556129;1766788.599
591.7157922;4;Industrial;Media;12;11.39187124;4.006755574;34;1;24.14875246;1396758.724
994.800125;9;Comercial;Baja;6;1.138067553;1.022012115;31;0;21.21060514;1753750.168
1387.882574;3;Industrial;Media;2;10.27319731;4.003285402;15;0;16.50741826;1986975.913
828.3334898;1;Comercial;Media;8;11.57275119;2.610849624;28;0;12.02327613;1396006.41
790.6677;2;Industrial;Baja;7;19.95896628;4.377959732;19;0;14.63092279;1531566.738
714.01346;1;Comercial;Alta;6;9.060054562;3.755676578;49;1;33.622057;1487703.576
585.0289451;6;Residencial;Alta;11;24.71318913;2.43916819;22;1;13.1003904;1492891.467
914.7271831;8;Comercial;Baja;8;20.09423028;7.78738106;24;1;16.20931855;2315337.366
1036.057617;8;Residencial;Baja;6;31.27119451;3.917722034;29;1;27.25705546;1830467.605
1415.962102;7;Industrial;Media;12;8.708491849;5.571861439;17;1;17.31294759;2554684.932
1379.147752;9;Comercial;Media;6;48.65327434;7.660883806;35;1;24.24552991;2940330.052
1231.102033;6;Residencial;Baja;12;30.15177918;6.423989608;14;0;21.25665667;2265036.513
835.5670353;1;Industrial;Media;13;21.62730458;3.14843481;30;1;19.94432639;1655630.401
899.5221617;7;Industrial;Media;4;22.39028727;6.581707387;40;1;15.26316729;2015680.146
745.8759608;9;Comercial;Alta;9;26.19030447;5.475124375;25;0;19.41414615;2260184.413
1163.237211;4;Industrial;Baja;2;37.73645834;4.378081413;21;1;20.22284147;2088474.78
844.4398776;3;Industrial;Alta;3;11.93201435;1.923806182;32;1;21.96090244;1426620.051
1085.489492;5;Residencial;Alta;8;21.32987061;4.894327595;41;0;18.96255261;1877001.053
1055.272763;5;Residencial;Media;10;10.8000286;19.2341421;18;1;23.16086986;2571306.705
740.0087022;2;Comercial;Baja;12;1.454437719;8.675000666;15;1;13.3505693;1820568.961
1108.178109;7;Comercial;Media;11;20.36457403;4.293479019;27;0;20.07201592;2265438.895
759.3433231;9;Industrial;Alta;9;20.35610219;10.0044888;19;1;25.74025233;2321862.238
663.0048709;1;Residencial;Alta;3;7.342396623;5.142951549;13;1;26.29744646;1216423.445
684.4925133;8;Comercial;Baja;8;38.60554964;6.312622082;34;0;14.2094342;2029305.154
1075.326846;5;Residencial;Baja;10;23.60852925;2.437365383;40;0;9.819346962;1909261.883
955.7565413;2;Comercial;Baja;12;21.4792123;11.16086433;44;0;17.46058435;2199350.419
817.7963169;8;Residencial;Alta;12;11.5363082;1.562773738;35;0;21.31811802;1696940.323
423.1804018;2;Residencial;Alta;7;9.400924776;1.043662392;46;0;15.9801016;886261.1713
978.5575482;3;Comercial;Alta;9;12.11105221;14.16084747;35;1;12.81328502;2346891.191
975.6620952;3;Residencial;Media;7;38.02466726;6.872849607;23;1;26.75517652;1993155.723
907.151391;6;Comercial;Baja;2;4.76633625;3.44470007;49;1;22.82142677;1725792.739
1090.724897;4;Industrial;Media;6;11.47381729;3.743255673;21;0;11.49396356;1682030.257
1117.547253;9;Comercial;Media;9;35.22485538;14.24684899;28;0;14.23483705;3056014.674
1122.167379;5;Comercial;Baja;6;17.44229891;7.309445525;49;0;10.04865639;2188895.253
1173.213734;5;Industrial;Baja;8;5.112559415;0.65833599;10;0;17.69147863;1891407.037
505.6477137;6;Residencial;Media;9;9.125245292;6.453340779;37;0;13.44443289;1594619.101
795.2068215;9;Comercial;Alta;6;10.61131896;6.060200119;44;1;14.39666736;1994736.481
887.0676411;2;Comercial;Alta;4;5.125324041;2.754434133;38;0;24.99448943;1475309.142
1136.849209;6;Residencial;Alta;10;63.28815565;6.585580686;46;0;21.26575951;2261903.751
409.2626241;9;Comercial;Baja;12;4.326758536;3.204716112;30;1;23.05614873;1456126.128
732.9032876;2;Comercial;Media;10;12.13119411;14.47326367;29;0;18.83377937;2038856.751
741.8367638;9;Industrial;Media;14;22.1167927;4.775749616;16;1;21.3393597;2044594.427
1123.277706;8;Comercial;Baja;4;10.04692276;4.198375068;39;1;20.40156778;2004855.196
1284.591724;7;Comercial;Alta;7;44.9939902;7.736501892;34;0;22.76835688;2602543.705
1331.615405;7;Residencial;Media;6;3.369830367;15.97487394;26;0;20.36883874;2654679.842
974.4773387;9;Comercial;Alta;9;3.813801404;8.006563473;16;0;18.36173461;2195480.212
1463.526913;5;Residencial;Baja;3;7.14323796;8.818710679;44;1;8.457209633;2304009.398
1101.533695;4;Industrial;Baja;2;25.57831623;5.539705474;25;0;20.15283716;1927514.723
431.3167903;2;Comercial;Media;11;9.400889076;1.745469741;39;1;20.58782638;1175877.502
1392.814581;1;Comercial;Media;11;17.67672481;5.54316957;20;1;18.60959526;2019904.966
692.1277163;3;Comercial;Baja;10;24.61573523;7.210544962;21;1;18.36426313;1885924.977
806.5168105;5;Comercial;Baja;10;6.647119454;4.634624726;46;1;26.25754954;1815402.782
975.007397;1;Industrial;Alta;3;16.53406168;2.632650649;19;1;19.38368543;1515629.517
962.9211098;7;Comercial;Alta;11;10.13912512;12.62087462;25;0;27.98790431;2551485.882
708.792643;3;Industrial;Media;5;11.03443888;10.93626105;39;0;34.84530245;1697313.178
1356.775546;8;Industrial;Alta;9;18.87431531;1.698917114;36;0;17.79230108;2177897.527
813.8338707;4;Residencial;Media;1;15.45809218;2.188939909;25;0;24.78473808;1250183.756
1094.932653;4;Residencial;Baja;8;32.26125568;3.961060261;46;1;24.65988354;1854768.316
1135.346254;5;Comercial;Baja;12;12.83719411;10.57730581;15;1;11.33698836;2599972.844
562.680215;3;Industrial;Alta;2;34.40586714;2.527147986;43;1;29.1418074;1193799.736
923.5638464;1;Residencial;Media;7;1.901565172;5.828690331;32;1;18.71839073;1553694.275
683.0525613;2;Comercial;Baja;9;10.14744518;6.499052512;44;1;20.83200254;1581158.862
1263.921532;7;Comercial;Alta;12;11.20853389;3.497880034;46;0;15.37522471;2559560.376
580.6708602;9;Residencial;Baja;14;18.56235871;10.76044599;43;1;19.2596442;2002018.528
835.3386753;4;Industrial;Baja;4;38.79558101;10.9458163;29;1;20.07954503;1936007.21
663.5469767;1;Comercial;Media;10;15.32703923;5.010113639;37;1;17.14902153;1667162.283
931.8952075;5;Industrial;Media;2;8.986699116;12.739275;15;0;21.86079019;2088585.08
1037.085524;1;Residencial;Baja;14;22.35035239;14.09063598;18;0;15.82435653;2242312.603
1493.623329;8;Industrial;Alta;11;18.5586826;6.115938441;34;1;16.11704308;2649107.502
852.1314599;4;Industrial;Baja;2;34.78137582;1.997752641;43;1;11.07082957;1710350.039
788.8965126;9;Industrial;Media;10;4.450158972;1.697606407;21;1;20.78331853;1700139.275
1314.048035;9;Residencial;Alta;5;27.38613393;7.406944373;35;1;24.93664371;2367385.206
840.8374232;1;Industrial;Media;6;26.3108711;4.779357263;40;0;17.23491709;1690322.129
749.7768924;5;Industrial;Media;13;32.09068481;4.139415851;18;1;24.44803051;1902930.181
1302.202006;9;Comercial;Alta;13;10.09452281;3.657533066;22;1;16.33342856;2470512.54
380.4718467;7;Comercial;Media;7;4.551162817;3.365384474;31;0;25.83051664;1094232.398
896.3104699;2;Comercial;Alta;8;16.23820699;10.0247934;18;1;26.02037776;1935244.314
947.7759019;5;Comercial;Alta;4;3.703779177;5.783690136;11;0;15.87204617;1780451.119
1015.811078;8;Residencial;Baja;13;8.355043801;3.638859627;28;0;26.25159883;1955988.234
710.1631193;9;Comercial;Baja;5;9.765463932;11.24181702;43;0;24.2817479;2052870.493
1141.87498;4;Residencial;Baja;5;29.55169511;7.610682327;14;0;18.71433798;2142253.182
767.6543878;9;Industrial;Baja;1;10.92886904;1.740615212;20;1;23.04320574;1525799.462
1250.731765;8;Comercial;Media;11;17.19847537;9.097311445;23;1;20.96803338;2727426.313
716.0612182;4;Comercial;Media;2;7.012380579;5.065864487;39;0;7.994375101;1419709.38
1570.843403;3;Industrial;Alta;12;14.28368615;6.205979287;21;0;17.04418798;2516920.521
866.4763911;6;Industrial;Alta;13;7.82227825;4.887293427;46;0;19.87684794;1830582.056
1579.47268;5;Industrial;Alta;8;4.263134298;6.309879467;31;1;22.01700404;2569872.712
1047.120885;8;Industrial;Alta;12;46.84359687;7.371881458;26;0;22.61860844;2490551.217
981.2519378;1;Residencial;Baja;8;2.775955802;2.641410941;30;1;15.29359936;1315398.062
885.76763;4;Comercial;Alta;13;13.62212698;5.001981075;35;0;22.47386481;1971997.532
1196.557482;2;Residencial;Alta;7;47.69985805;15.5218304;41;1;32.56022957;2756187.206
1006.526567;4;Industrial;Alta;9;12.51621916;4.543982146;42;0;28.05439246;1872812.498
930.8668716;8;Comercial;Media;6;22.36683132;1.891915836;23;1;12.98408287;1998544.773
800.7216669;4;Comercial;Baja;7;40.53793892;2.848549217;48;0;23.11089133;1682959.416
1030.359239;2;Comercial;Media;4;36.02208625;7.066661648;23;0;15.13955803;2091568.319
866.6268513;1;Industrial;Baja;9;47.9803712;5.108151706;47;1;28.84374609;1680170.607
1211.896958;8;Residencial;Media;3;20.04019414;4.668394221;49;0;18.94649243;2162472.588
1236.959846;7;Residencial;Media;13;25.20173617;4.698177254;29;1;21.52305183;2219088.231
812.8002592;5;Comercial;Alta;14;61.17516955;3.680762285;16;1;14.56514626;1956382.175
642.5653964;6;Comercial;Media;6;26.41399856;5.110689465;49;1;17.86743948;1639129.013
873.4824924;4;Comercial;Alta;5;36.4393624;4.534858475;20;1;22.13679496;2041882.178
652.3839369;5;Comercial;Alta;2;22.67965493;5.917572531;45;0;22.99383016;1506273.319
1238.795378;8;Industrial;Alta;2;36.09141927;3.863772918;25;1;15.07202295;2190387.096
704.2706819;8;Industrial;Media;10;22.91664685;4.824159403;45;0;23.03431026;1923929.049
1303.876981;2;Industrial;Alta;6;17.32738112;6.939813174;36;1;12.62887191;2237192.683
792.5917866;8;Comercial;Media;12;19.45698685;7.734134151;29;0;23.4163207;2147727.719
704.393014;1;Comercial;Baja;2;19.53157014;5.781375124;15;0;18.48987047;1397602.632
1051.481994;2;Comercial;Media;7;29.81500264;4.230490482;45;1;10.99217413;1931252.017
781.0623328;8;Residencial;Alta;8;17.43048645;4.214577745;45;0;20.64977969;1698685.653
902.0701247;3;Industrial;Media;3;20.88654694;5.898345348;23;1;18.72973473;1613668.7
713.0115286;6;Comercial;Baja;3;20.48678053;2.51456118;20;0;18.96440049;1739967.866
1124.649743;1;Comercial;Media;13;5.837842211;1.558764205;14;0;26.24196913;1727590.982
976.7277221;4;Industrial;Alta;4;4.791886579;3.743967489;40;0;21.43870272;1721436.25
649.3015513;7;Comercial;Baja;9;25.04645245;11.53568785;11;0;25.13837849;2102521.944
759.0383836;5;Comercial;Media;14;16.50092387;1.918507032;39;1;16.86679453;1721787.788
1303.853042;2;Comercial;Baja;2;20.03453173;4.347028271;35;0;29.12070545;1974991.576
794.8007863;4;Industrial;Baja;11;25.40047015;3.82373871;23;0;16.92175497;1589266.373
1462.170405;1;Industrial;Alta;3;18.56363322;8.412217101;48;1;11.75763614;2302538.587
976.0319509;3;Industrial;Alta;8;10.74550995;5.747816728;32;1;24.33851239;1972968.179
1579.655685;9;Industrial;Baja;13;13.57628695;12.94203534;49;0;24.06023778;3110343.134
1027.304352;1;Residencial;Media;8;1.880460746;13.42206513;41;0;28.47669645;2079568.088
499.2730526;8;Comercial;Baja;13;59.56739054;5.944023417;34;0;16.6043966;2073086.372
1028.980877;3;Residencial;Media;5;26.77889974;6.199351615;27;0;11.1624046;1577261.779
969.8927271;4;Residencial;Alta;12;2.75373956;5.592660622;17;1;16.83226661;1674373.243
769.7249266;9;Industrial;Alta;9;16.42480309;3.948040125;30;0;26.37945111;1876695.68
868.0482386;7;Residencial;Baja;9;48.83827698;10.19405871;25;0;11.3798501;2096277.232
445.6778873;7;Residencial;Media;10;5.040272332;5.692828655;39;1;12.15666285;1396388.519
1100.67568;5;Industrial;Alta;6;30.39687956;4.169341269;40;0;15.95945515;2034064.773
1543.33341;7;Residencial;Media;6;19.31991158;7.316667861;31;0;23.7691929;2462112.044
1289.149478;1;Comercial;Baja;2;12.627497;4.81384547;40;1;21.1890124;1959490.199
1127.975086;4;Industrial;Media;5;10.7901328;3.415808376;13;1;12.82320148;1815671.955
626.7580739;8;Comercial;Baja;8;19.7253363;6.302273895;44;1;22.66124576;1821451.041
647.6793082;5;Comercial;Alta;9;15.83478645;2.663211129;49;1;15.10460924;1602498.69
1258.969517;5;Comercial;Baja;4;41.98509509;4.478339264;22;1;21.03258423;2375870.44
1021.723934;2;Comercial;Alta;12;11.61612113;5.91458746;29;0;21.36053327;1966654.239
1234.630936;7;Comercial;Baja;14;7.114446963;2.183598976;18;0;24.15737925;2289964.366
860.9159711;4;Comercial;Media;3;5.639727294;4.890664708;27;0;20.40113308;1575191.05
547.2701129;8;Residencial;Media;7;11.62228403;1.190438156;43;0;12.08735355;1292304.681
901.9151426;9;Comercial;Alta;6;24.25471553;8.880774345;42;1;20.23755451;2426907.64
1592.475714;8;Industrial;Baja;3;3.906830658;1.963324634;14;1;16.85839382;2206121.419
836.0846753;6;Comercial;Media;10;9.173778941;1.750061778;17;1;13.15245478;1672117.307
1532.156816;2;Residencial;Media;3;25.5582221;3.589346286;13;0;25.86265039;1700730.057
997.1457937;7;Comercial;Alta;2;13.98987941;2.802213869;36;0;23.86497433;1720019.469
1084.840768;9;Industrial;Baja;7;16.62666907;8.835782525;21;1;23.48367128;2394246.787
504.2787704;8;Industrial;Alta;4;14.25033914;2.148889582;38;0;23.56178333;1380605.898
1216.289809;3;Residencial;Baja;5;19.59191357;7.031046483;21;0;24.62423933;1932640.105
1193.957779;1;Comercial;Media;14;42.01912681;6.544991261;14;0;21.40130253;2230479.491
778.7998326;9;Industrial;Baja;4;11.24181084;8.427521311;35;0;23.32778619;2091716.355
666.1836737;8;Comercial;Alta;2;19.57159918;3.529882652;20;0;15.65192193;1707892.527
913.7938719;6;Comercial;Alta;1;8.620847423;3.663466432;20;1;20.51902614;1689579.923
642.4826296;9;Residencial;Media;6;11.00986808;16.56206717;25;0;22.19756322;2040309.515
2126.285588;8;Residencial;Baja;12;20.71137925;11.35780655;17;0;23.81905979;3534259.867
1935.275524;7;Residencial;Baja;9;23.03928464;3.684458728;28;1;28.63588304;2937812.686
1195.077948;6;Residencial;Baja;4;15.30752753;8.993696199;13;1;10.68517819;2323007.34
1384.130883;4;Industrial;Alta;3;3.385612862;6.380129547;48;1;18.54090683;2388552.151
907.3305491;6;Residencial;Alta;12;36.24233523;9.911621067;35;1;23.10778777;2251443.105
831.4773148;7;Residencial;Media;4;15.60478059;5.078308942;22;1;23.705633;1794059.501
1314.453408;4;Comercial;Media;2;25.12680427;6.314132488;32;0;30.24108547;2246902.084
837.2547209;9;Comercial;Alta;5;1.170184767;7.948123935;18;0;18.61374849;1877217.17
917.4007431;2;Comercial;Baja;8;11.2604379;9.369011441;37;0;20.62080534;1939188.482
631.6270949;1;Residencial;Media;4;33.72037605;2.764706854;13;1;21.05712472;1111659.057
1159.215055;3;Industrial;Baja;10;47.51430401;7.433638567;20;0;20.23274177;2236595.257
880.9259784;4;Residencial;Baja;2;16.23735972;7.182749152;44;0;22.19631913;1759607.2
754.5549858;3;Industrial;Alta;8;22.98004255;3.509790579;13;0;15.37980795;1436581.325
1402.652015;4;Comercial;Baja;9;19.59710348;6.327312134;14;1;19.92807474;2430205.31
1329.302126;2;Industrial;Media;10;7.426265388;8.634788352;23;0;13.77092268;2432792.313
988.8260656;6;Residencial;Alta;5;24.4425591;1.964451955;32;1;16.44494732;1790826.614
1114.835925;9;Comercial;Media;12;28.13636033;3.918259027;41;1;13.85683027;2428287.604
890.4660581;1;Residencial;Alta;13;60.14297302;6.441313674;26;1;8.400643156;1833923.735
965.0590318;7;Comercial;Alta;3;15.49122058;3.512728285;39;0;23.67925064;1826746.62
660.4283706;8;Residencial;Alta;13;7.570882543;4.784049049;43;0;9.458548416;1505739.948
798.6861095;8;Industrial;Media;9;33.04403902;17.47257657;21;0;18.52503879;2554980.868
1003.545741;1;Residencial;Baja;6;19.60300752;2.199015534;39;0;14.37608352;1298630.381
648.9258891;2;Industrial;Media;9;2.783601581;4.366347465;41;0;18.51199499;1325898.245
1353.666797;5;Residencial;Media;12;28.74829181;4.4261359;26;0;17.94547962;2329448.999
638.8956865;3;Comercial;Alta;11;17.09471126;3.571159218;12;0;20.1189445;1576552.63
894.6345641;6;Industrial;Alta;3;20.95435127;5.75606659;10;0;24.77333592;1952693.712
1091.988432;7;Industrial;Baja;8;85.15031636;5.89753414;44;0;20.36963741;2564249.201
599.8074779;2;Industrial;Media;1;26.40050593;1.909249746;23;1;19.25324733;1058399.185
1101.669344;1;Industrial;Alta;9;3.607101815;11.12952895;30;0;11.16401402;2037982.49
998.5971553;4;Residencial;Media;5;8.279609348;2.63111156;40;1;22.58309767;1578503.808
943.7395896;8;Comercial;Media;4;11.19095095;7.69821188;45;1;14.23506855;2096037.056
1640.289248;9;Residencial;Baja;1;20.96618926;6.178453953;33;1;18.54355984;2632698.014
1411.075094;8;Residencial;Baja;6;29.05824235;2.688967608;46;1;22.50426889;2344259.173
1005.65823;8;Industrial;Alta;6;9.942977735;4.54596179;42;1;15.38348688;1997937.328
1349.327446;1;Comercial;Alta;1;25.78679101;4.203422271;29;1;25.51771034;1968180.428
649.6843417;8;Industrial;Alta;3;4.628970781;1.876324938;25;0;11.39806202;1296355.417
1788.378523;3;Residencial;Baja;11;20.73508409;4.378916291;43;0;30.37192764;2495195.046
1088.764027;6;Residencial;Baja;5;14.82462867;5.18672969;31;0;25.2659646;1884596.463
966.6103513;4;Comercial;Media;6;25.0683206;3.92639521;14;1;19.8327445;1652991.456
580.5076327;4;Residencial;Alta;1;8.904464534;3.870481613;32;0;20.88108616;1049908.065
646.1027934;2;Residencial;Alta;13;10.49916184;12.62233995;10;1;16.63285365;1582724.664
525.7933693;3;Industrial;Alta;5;11.03558792;9.674615983;10;0;27.5532031;1390183.464
1691.654355;2;Comercial;Alta;9;5.917444499;4.495029645;27;1;19.05644151;2375408.851
892.5713773;7;Comercial;Media;9;16.67773357;4.79972895;19;1;16.79314373;2060053.361
898.0628936;8;Comercial;Alta;8;8.383393951;3.6454487;22;0;24.30641222;1850340.643
819.6743056;6;Comercial;Baja;13;9.285318253;2.215057325;20;1;19.60849948;1731169.501
776.1518629;9;Residencial;Media;1;39.04217163;4.26640281;16;1;23.59739554;1599764.491
732.3373523;2;Industrial;Alta;13;9.820212281;2.47117328;16;1;20.55123031;1453106.879
1333.715551;5;Comercial;Media;14;21.96969772;3.025957606;20;0;23.11974245;2374905.568
891.1259332;3;Residencial;Media;10;12.43451396;9.798772028;18;0;22.45595658;1705423.366
1127.065939;4;Comercial;Alta;8;24.66108215;4.596315109;31;1;7.766068178;2014556.951
1411.095209;6;Residencial;Baja;9;4.718376055;9.434649772;18;1;16.05849246;2392526.234
513.6282786;1;Comercial;Alta;3;12.80815327;3.771254335;23;1;20.54826667;1383735.01
585.9357907;1;Industrial;Alta;2;26.45081825;7.156443453;41;0;19.51859446;1102630.552
910.824857;7;Comercial;Media;9;16.34898769;19.25502095;28;0;25.216712;2806987.948
945.6947265;1;Residencial;Media;4;7.514915359;4.361341049;43;0;15.60310725;1350289.146
704.7541719;4;Industrial;Baja;13;23.83554808;9.59404877;17;0;29.9675285;1809150.88
1047.528236;9;Residencial;Media;6;6.337168502;4.213910719;39;1;24.82158068;1873417.132
1548.818095;5;Industrial;Alta;6;66.95470021;2.83231809;30;0;20.80158132;2691623.979
819.3579434;7;Industrial;Alta;3;18.81080198;2.479368932;21;0;16.88975138;1456332.797
1014.298715;4;Industrial;Alta;6;23.23571567;1.319328487;38;1;16.60583958;1649564.958
566.4419657;6;Comercial;Media;12;13.26702772;2.074718441;43;0;18.02679457;1541764.549
870.8681935;9;Comercial;Alta;12;21.9331801;2.524078749;28;1;23.76693239;2264661.033
829.3867412;3;Residencial;Alta;8;24.49472736;6.201040973;49;0;29.88566547;1800558.45
923.6970606;1;Industrial;Media;14;16.86948486;5.111392956;15;1;30.64350115;1851613.042
804.4625253;1;Industrial;Alta;14;37.91313248;6.191329421;18;0;18.5974656;1730617.084
745.2010895;5;Comercial;Baja;7;11.72717757;7.463233671;22;1;27.07868726;1770330.227
1354.080653;2;Comercial;Alta;1;48.25877649;4.198076582;36;0;13.02007172;2251164.014
1021.197473;6;Residencial;Baja;12;4.955024053;2.883759904;15;0;13.06780023;1754566.517
674.6054418;4;Industrial;Baja;11;28.06063351;4.279523403;42;0;13.29791908;1594990.036
729.508387;3;Comercial;Alta;12;6.201272464;2.103628213;31;1;21.56254626;1421444.035
1028.697477;9;Residencial;Alta;13;16.6385038;5.992539021;20;1;16.92970129;2238577.974
704.5170236;7;Industrial;Alta;4;16.37722467;11.46470888;20;1;13.90546005;2003255.14
959.2578678;3;Industrial;Media;14;10.88583188;2.781871224;31;0;21.90880182;1750524.14
1016.714876;7;Comercial;Baja;14;7.642674152;4.904508908;43;0;18.62830694;2034140.758
691.4849561;2;Comercial;Media;2;9.666073309;4.464997618;46;1;21.70616434;1355645.219
1578.088264;8;Industrial;Alta;7;11.33587923;8.164745045;46;1;26.82476788;2942635.842
730.9939401;4;Comercial;Media;2;24.28917496;2.939825893;27;1;19.62601875;1661863.505
995.4169109;4;Industrial;Alta;12;6.452131858;5.058178899;28;1;21.38466341;2062870.472
1130.643147;3;Industrial;Alta;7;3.491109694;4.890993265;48;0;21.8068732;1881832.278
1263.945959;1;Comercial;Media;5;30.60097627;6.41207586;24;0;12.15379745;2027039.025
1069.886248;4;Residencial;Media;1;3.110280285;8.772606738;45;1;17.3025727;1889030.54
506.8952799;7;Industrial;Media;4;23.15386032;8.361010436;21;0;17.01063063;1470599.615
1175.352943;1;Industrial;Media;7;4.696238675;6.877739807;21;0;19.5262716;1949420.167
984.7914065;4;Industrial;Media;4;15.69197033;3.107092015;28;1;21.12350206;1677049.946
428.3759128;5;Industrial;Baja;5;7.981802619;2.20101902;28;1;19.10070352;1098983.804
674.7219614;1;Industrial;Alta;13;2.073223379;10.41004426;30;1;21.1124059;1699809.016
819.8528078;4;Comercial;Baja;12;48.7894231;3.805746066;47;1;11.98176692;2074174.521
815.2159991;8;Residencial;Baja;7;14.4788287;3.288742509;35;0;20.38701296;1777566.622
1010.233991;7;Industrial;Baja;10;23.52365668;7.20479902;11;1;26.14674256;2122956.936
484.1007722;5;Comercial;Media;2;14.27986678;6.793288527;24;0;24.07354655;1488213.582
418.6375813;5;Comercial;Baja;12;19.6112546;8.327777024;47;1;23.5945717;1773449.62
1315.382435;2;Residencial;Alta;11;30.78936609;8.517947622;10;1;14.20829027;2227683.108
894.9014676;3;Comercial;Baja;7;12.72293558;5.796999213;11;1;26.15889208;1716397.755
2107.350457;3;Industrial;Baja;10;7.935547706;1.245976402;21;0;22.72629149;2877050.003
922.3032533;7;Residencial;Alta;5;15.93560471;5.405565801;36;1;15.84427922;1906934.668
1454.080122;5;Comercial;Alta;7;1.938077379;11.40877388;34;0;28.81364118;2784666.635
1813.853014;1;Residencial;Media;3;10.46253601;1.328916508;35;1;31.81364614;2135668.978
677.9401772;2;Industrial;Baja;4;34.37463751;4.489627539;37;0;20.17749981;1401444.215
1201.396906;6;Residencial;Alta;8;18.20678498;3.472773183;17;0;13.78613271;1935383.57
804.9269;3;Comercial;Media;6;18.70969562;4.064248273;20;1;22.0497492;1637204.664
958.6445405;4;Industrial;Alta;2;17.7904049;4.919310211;47;1;28.23670159;2019191.356
885.7496159;5;Industrial;Baja;2;15.31277471;7.427078852;25;0;16.03833754;1659999.517
912.5042998;6;Industrial;Media;1;12.82738299;7.148882399;41;0;19.45328152;1727652.977
852.17442;9;Residencial;Media;2;30.35552926;6.559839247;39;0;7.633901352;1959925.081
1040.802582;2;Comercial;Media;3;49.41768775;5.332045506;46;0;12.83257748;1827821.321
1287.19662;1;Residencial;Media;1;38.96491475;3.318439325;36;1;28.28970703;1831092.136
664.8787989;7;Industrial;Baja;2;7.287667043;4.002922991;41;1;26.55227905;1451933.884
714.8854427;3;Residencial;Media;3;31.50418227;4.047255851;38;0;22.54228658;1335652.066
1642.758693;9;Comercial;Baja;5;11.69996878;5.828164694;45;0;11.25745223;2786715.5
1373.470865;1;Comercial;Media;6;13.77076421;14.06124195;22;1;15.21771592;2661089.282
1272.043443;2;Comercial;Alta;1;11.19476472;7.834634693;32;0;13.86567805;2119973.755
985.4163618;3;Comercial;Media;14;29.85464517;3.641537842;40;0;22.98613924;2070621.883
1811.180889;6;Residencial;Alta;12;17.25671794;14.31171873;37;1;19.56654957;3164515.915
936.8414544;1;Industrial;Alta;3;11.25037918;6.209517365;45;1;17.09351507;1778104.095
755.8587512;4;Industrial;Baja;4;2.091330167;9.62733832;24;0;25.76181409;1514644.778
499.1576637;5;Comercial;Media;6;12.72712724;4.380435493;25;1;19.95669558;1572984.673
1138.504461;5;Residencial;Baja;5;37.95636254;5.751049835;23;0;18.97437613;2131458.165
911.3213775;5;Comercial;Media;10;29.96575357;2.894874128;23;0;29.51911694;1654550.618
1062.705716;2;Industrial;Alta;6;6.917719423;9.307395362;40;1;23.15791979;1847720.764
926.8698442;9;Comercial;Media;10;4.241924849;6.675404941;26;0;7.17252716;2149012.136
772.4088586;5;Residencial;Alta;2;20.10308615;2.971824125;31;1;24.76811026;1356757.669
808.5040428;9;Comercial;Alta;13;9.994550879;3.398382229;33;0;22.17054985;2063964.61
898.5301208;4;Residencial;Baja;12;26.61221248;6.78395233;29;1;20.65784766;1848253.863
1072.33572;4;Industrial;Baja;11;35.07226674;5.961524302;22;0;22.54665085;2033973.777
771.1325561;7;Comercial;Baja;8;30.31520029;6.515229118;20;0;21.67512138;2072766.603
739.2987937;5;Residencial;Alta;6;7.05524005;4.306722461;11;1;17.0584614;1471033.18
1082.207138;1;Comercial;Baja;11;17.53077248;5.190578406;20;0;20.62349205;1979323.723
1385.235431;3;Comercial;Baja;9;3.130584191;4.314728926;38;0;13.62714796;2095105.38
1084.8442;8;Comercial;Media;13;14.97075175;12.86075901;46;0;9.125255606;2622605.864
810.7520752;7;Industrial;Alta;3;12.69375293;6.726008707;38;0;16.26610013;1764365.82
1000.526772;5;Industrial;Baja;1;20.63128098;1.829197376;34;1;21.22066094;1595683.666
810.6325118;2;Residencial;Media;6;7.01461556;4.842160932;30;0;12.57128068;1453263.792
704.59973;9;Residencial;Baja;3;11.22614369;5.775771299;21;0;15.37987941;1632757.851
853.101827;9;Industrial;Media;10;14.73656532;8.082429165;20;0;8.520827672;2111845.554
1126.776086;5;Industrial;Alta;12;32.24806551;2.63203584;46;1;14.00902047;2248357.124
996.7321329;9;Comercial;Media;8;14.82023738;3.669974978;24;1;11.67408182;2137904.057
934.4862367;9;Comercial;Baja;6;33.29980639;1.874510757;45;0;26.48695516;1975454.718
758.3194577;1;Comercial;Baja;7;31.59259124;4.511125202;30;1;28.74329598;1689732.096
1172.512131;6;Industrial;Baja;4;7.271791591;7.66622815;38;1;18.66079107;2191537.139
1320.989906;9;Residencial;Alta;5;26.62807305;10.23842852;27;1;22.41716674;2423256.875
1804.629786;4;Comercial;Media;3;20.03265644;3.760737829;17;1;23.01329055;2662169.442
753.016992;6;Comercial;Baja;8;16.93213222;1.914343091;45;0;24.05375549;1425068.176
611.9117305;3;Residencial;Media;6;46.13223998;18.4362864;32;0;23.15613654;1931599.373
1022.135237;3;Comercial;Media;6;13.03345279;1.533482584;30;0;17.84939063;1733771.05
1442.546637;5;Industrial;Media;6;41.52807943;8.225215792;15;0;24.1736661;2284134.628
1274.475383;4;Residencial;Media;9;35.63924004;3.638589441;45;0;9.824441257;2284024.892
932.9533723;2;Comercial;Baja;6;18.0212998;4.530184674;36;0;21.74506582;1833504.183
709.8360105;1;Residencial;Alta;7;18.57878944;5.385425023;16;1;22.32675241;1346459.708
1180.895216;4;Residencial;Alta;9;15.1871126;4.411938194;38;0;23.01342024;2023993.405
760.9995482;4;Comercial;Baja;9;19.39673402;10.72318365;44;1;21.96300071;2229758.917
1422.607655;2;Comercial;Alta;10;8.250650493;9.369482363;20;1;27.44141984;2550067.091
643.628587;4;Residencial;Alta;12;12.59183463;6.465216951;49;1;18.0644913;1602640.366
1226.71519;8;Industrial;Alta;5;8.087109739;9.706329905;19;1;20.41619825;2365912.145
554.8595928;3;Comercial;Media;3;10.91078352;6.8240005;13;1;13.69790849;1551907.108
749.5677835;5;Residencial;Media;1;10.63347207;7.483107112;14;1;25.43381227;1445685.758
1218.688274;6;Residencial;Baja;7;23.8383138;1.468482011;15;1;11.6773766;1823463.165
704.1772072;5;Residencial;Baja;10;12.69212243;5.191028495;39;1;29.21178604;1446754.843
1054.759482;4;Residencial;Baja;3;29.96377192;7.855511093;15;1;24.24477019;2009554.392
894.3411115;2;Industrial;Baja;7;47.56806655;2.453427137;34;1;22.48820621;1680091.388
1340.19999;1;Comercial;Media;8;55.6265029;5.400401344;20;0;20.14507123;2365327.468
1222.290188;4;Comercial;Media;14;16.85474659;5.931723648;14;1;24.57504383;2279712.215
938.8954531;8;Comercial;Alta;7;30.29689378;6.787301362;35;0;15.47146313;2300964.367
524.0721007;4;Comercial;Alta;12;7.101832512;5.264023701;21;1;16.7172274;1306018.631
972.2688935;9;Residencial;Alta;3;19.66199721;4.100656622;12;1;17.41787053;1622124.312
822.8349445;7;Residencial;Alta;6;17.69537752;10.06060613;24;0;20.23060917;1881970.725
838.1918586;2;Residencial;Alta;12;17.64056939;5.565286171;22;1;17.90933977;1577563.183
1206.622825;8;Comercial;Baja;6;6.871004133;5.819886281;44;0;18.19390235;2461524.06
927.0974174;4;Comercial;Media;2;8.534789507;1.424444035;39;1;22.57511745;1536264.953
1432.92846;1;Industrial;Media;6;48.03211908;4.981755962;30;0;14.04868244;2247235.295
799.1722562;2;Industrial;Media;14;7.995297887;1.69794185;38;1;13.51383896;1404684.031
1072.010779;9;Residencial;Baja;3;47.76725458;3.751124362;17;1;29.68376285;2255591.219
746.4727984;9;Industrial;Alta;8;21.15504869;5.212437004;24;0;19.72211156;1742582.241
1070.718461;7;Residencial;Alta;6;32.52143976;8.70427114;20;1;26.44144856;2289626.891
477.1737218;1;Comercial;Media;6;34.55795359;10.63477414;45;1;19.74709368;1832484.136
1030.331586;5;Industrial;Alta;8;5.382416536;11.44613433;29;1;18.40164207;2155329.431
1307.822085;2;Comercial;Alta;8;46.14520039;6.358042509;38;0;22.71019151;2531119.027
1178.329983;1;Residencial;Media;4;57.92314994;11.19124858;27;0;24.69239344;2287745.204
722.1203474;9;Comercial;Alta;1;28.03388683;1.454227658;25;1;22.76384327;1659479.228
526.4244314;2;Residencial;Baja;1;21.79230181;5.720239229;29;1;23.90647747;1046942.937
1110.563301;9;Residencial;Alta;12;26.19986865;7.429582849;42;1;22.66576252;2418823.158
896.56298;9;Residencial;Alta;7;1.574152259;7.583876787;19;1;13.64730046;1925166.287
779.8684564;6;Residencial;Media;7;14.94369195;1.088635311;13;1;17.89807666;1429323.653
670.400104;9;Industrial;Alta;12;24.96428359;3.543177288;33;1;23.31294841;1677836.804
1661.259904;4;Comercial;Baja;12;7.353075122;6.648861026;49;0;15.89062727;2682810.219
1145.123613;4;Residencial;Baja;5;14.66679556;7.63214482;33;0;20.57538885;2067327.525
798.2425741;1;Residencial;Alta;5;6.175025959;7.807877177;19;1;23.20999245;1623193.315
828.9987572;5;Comercial;Baja;1;7.957643545;9.815641264;42;1;18.78640408;1943441.116
727.4153198;3;Comercial;Baja;9;6.146462691;4.409698501;22;1;24.78555247;1614876.986
445.8366422;1;Industrial;Alta;14;8.660579775;1.352200533;25;1;27.22461278;1132057.746
486.4594665;9;Industrial;Baja;8;1.717216584;1.794610516;47;1;16.09389251;1553518.669
1245.669229;2;Industrial;Baja;4;15.5435993;7.7749875;24;0;23.72741129;2010552.989
809.6845599;3;Industrial;Alta;4;10.84631755;10.24440362;24;0;16.77977091;1605190.23
1068.099753;6;Industrial;Baja;6;19.71225573;5.116320946;14;0;21.12900982;2015798.767
572.315019;9;Industrial;Alta;13;15.70445369;15.14956992;40;0;25.54189079;2298238.023
882.6580075;6;Comercial;Media;2;4.438505523;2.408291137;19;0;17.36014387;1380300.461
1487.09224;5;Industrial;Alta;6;8.696277445;7.547984971;34;0;18.81794787;2408424.557
1272.662415;4;Comercial;Media;9;4.881001399;6.470121094;14;1;19.85672831;2371649.348
1334.185669;2;Comercial;Baja;3;0.41874987;1.771459108;17;1;17.89845249;1816749.293
1574.491434;4;Industrial;Media;8;10.13366905;4.171638805;32;1;21.80304103;2334058.198
1437.563606;5;Industrial;Baja;6;22.13725214;5.810328158;30;0;10.22095932;2349858.545
1003.705725;3;Comercial;Alta;3;25.77140565;0.201844283;41;0;19.18514963;1581682.924
1216.421163;5;Residencial;Alta;10;6.256736474;4.790308168;11;0;20.7881677;2047689.82
1127.839953;5;Residencial;Alta;10;3.148105433;9.005183876;17;0;19.7582839;2157280.19
889.2108284;9;Comercial;Alta;1;28.40029944;7.07946451;35;1;24.53914421;2120284.515
1060.543737;9;Comercial;Alta;11;34.74222819;9.188515053;40;0;22.77370864;2647803.181
762.438157;5;Residencial;Media;13;39.57974729;7.262770178;28;0;23.54453681;1742839.033
1086.05602;9;Residencial;Baja;5;1.718945626;8.831731796;41;1;25.89203366;2178928.72
951.6969127;6;Industrial;Baja;12;32.87210619;15.05688187;43;1;21.33859172;2608984.698
1496.065924;6;Residencial;Media;8;16.46248195;4.544502716;46;1;17.22535045;2376441.411
975.0692476;3;Comercial;Alta;13;16.62835463;5.84536342;28;0;12.68167942;2207979.644
1031.775931;4;Comercial;Alta;5;24.71480066;1.144582273;15;0;18.74191969;1777656.846
762.8709415;7;Residencial;Media;3;19.29304045;4.712780432;27;1;18.74750356;1716452.263
1079.773546;9;Industrial;Baja;5;25.51086645;3.964432071;34;1;23.50132803;1973566.233
1981.456325;5;Comercial;Baja;10;20.61182237;1.84257213;18;0;25.57384361;2882509.831
1904.682293;8;Comercial;Alta;10;21.9510825;11.25423961;39;0;17.9085429;3520612.01
622.9853302;7;Industrial;Media;3;18.43064837;10.74009559;17;0;22.86462528;1686179.475
668.967512;8;Industrial;Alta;11;9.86112995;13.67670061;38;1;19.42982817;2262837.163
1156.265455;9;Comercial;Alta;1;48.14463203;2.296461864;23;0;16.87246437;2371533.627
367.349161;6;Residencial;Baja;12;59.67395663;3.02686947;43;1;13.7861278;1417027.481
1319.803528;4;Comercial;Media;14;3.043836754;9.261292833;12;0;19.73578149;2315188.638
765.6261373;9;Comercial;Media;13;43.88641942;4.71059554;14;0;21.1377741;2067796.34
542.1023805;6;Industrial;Baja;7;50.81079563;4.649708552;40;0;29.39590663;1448162.768
425.1924405;2;Comercial;Media;11;14.34940371;4.303749385;17;1;13.95803033;1342637.379
1089.087593;5;Residencial;Baja;13;7.72232677;2.144250413;23;1;21.30635569;1775874.759
648.7800924;2;Comercial;Media;12;54.06920514;2.224050588;12;0;25.20582709;1590772.563
960.0751309;9;Residencial;Media;5;27.85338314;3.774388229;18;1;18.00078075;1953606.429
960.5205387;4;Residencial;Alta;6;1.259250258;6.054781166;44;1;7.369024266;1601094.267
1509.46178;3;Industrial;Baja;6;8.936661454;2.297483758;44;1;25.27696631;2208075.736
424.1685652;7;Comercial;Alta;4;0.509684454;10.86228161;17;1;24.38971863;1628374.358
640.4443545;1;Industrial;Baja;2;9.518863279;3.413240518;13;1;19.76214195;1193321.552
711.4292018;9;Industrial;Alta;1;21.18323075;2.670541878;29;0;15.22085809;1408342.53
1012.329958;7;Comercial;Baja;6;33.26067222;2.02650341;35;1;12.60977646;1937951.762
1431.832981;7;Comercial;Baja;13;1.636086342;4.582508084;45;1;26.24347323;2555914.448
860.502444;9;Residencial;Media;12;42.37101556;9.46137011;14;1;15.30660137;2250486.692
1301.904968;8;Comercial;Baja;7;40.5964164;6.867372455;30;1;28.49410078;2590923.305
915.5412728;6;Comercial;Alta;10;5.229017989;15.90677407;17;1;20.16500524;2573256.022
1093.610206;8;Industrial;Baja;10;11.89999603;12.72387812;26;0;12.95791994;2593054.983
554.0520382;7;Comercial;Alta;14;5.844437984;0.96803775;39;1;26.23688216;1565161.607
556.349239;1;Industrial;Media;4;9.238678885;3.755803968;26;1;17.67880354;1092060.098
1200.405887;9;Comercial;Media;14;13.84012023;5.052440965;43;1;22.27600286;2741112.375
792.2067409;8;Comercial;Baja;3;18.72642357;2.934967631;49;1;19.47348937;1732459.658
838.3828711;1;Residencial;Alta;6;10.7511413;3.622249523;14;1;16.43539587;1399227.104
899.5019101;7;Comercial;Media;9;26.7070352;3.727963204;12;1;18.44560951;2099001.842
1123.245186;7;Industrial;Media;6;39.29017441;0.6149886;47;0;19.60406321;1864746.848
845.9881235;6;Comercial;Alta;7;18.21090839;8.772091105;44;0;15.56876421;2054908.375
2323.942788;9;Comercial;Baja;14;31.75849524;4.896605568;49;0;29.40182662;3726422.062
336.0134908;8;Residencial;Media;4;12.44967006;8.453518987;42;1;23.49479353;1313495.148
1141.612373;2;Comercial;Alta;14;60.83734795;3.098804608;22;1;26.12413769;2202438.023
1515.445029;5;Residencial;Media;10;9.070001365;3.242287159;26;1;18.51053451;2255344.674
1226.245;7;Comercial;Baja;4;10.1239539;5.342001665;48;0;20.42228701;2282594.072
1573.883003;7;Industrial;Alta;2;8.430015195;6.737907094;30;0;19.37740626;2491814.231
784.3818999;3;Industrial;Alta;2;9.708145661;3.714954894;16;1;13.82710187;1407719.043
936.2325871;9;Residencial;Baja;11;32.31383749;1.879458523;23;1;19.5010872;2053331.862
1111.178179;2;Comercial;Media;3;20.29701937;2.238167568;25;1;19.10073044;1538253.699
966.3575364;5;Comercial;Alta;11;13.40920009;8.039875117;25;1;18.30581261;2183256.124
771.6718098;3;Industrial;Baja;5;17.53315767;9.792887667;34;1;26.88068297;1760775.564
1243.013075;8;Industrial;Baja;6;19.56868699;3.156777259;36;0;24.59346074;2081277.135
1253.471369;3;Comercial;Alta;2;7.580501155;10.49000627;39;1;21.99712617;2421584.117
645.2103938;9;Comercial;Baja;9;38.73849623;3.662914186;47;0;18.77747908;2029026.516
902.6562994;4;Industrial;Baja;1;6.650459461;8.608291766;46;1;25.41194747;1628864.022
1347.804873;7;Comercial;Media;10;12.65010267;6.972004663;31;1;20.13965214;2457262.662
884.7190992;7;Comercial;Baja;9;10.66372137;3.517129928;49;1;18.81432832;1882862.501
592.4655787;6;Residencial;Baja;11;13.81925673;4.645401033;24;0;24.04174255;1447538.942
771.3578238;7;Residencial;Alta;9;36.99048724;3.542931305;25;0;26.73901436;1738094.911
2129.956289;4;Comercial;Alta;7;6.087993164;4.239567515;23;0;18.37581633;2704391.489
671.5867427;7;Industrial;Baja;9;14.73872182;3.144097743;44;1;16.94520775;1460505.733
1588.388754;2;Residencial;Baja;11;5.232041957;4.302674372;12;0;24.49148325;2099883.613
1119.665832;6;Residencial;Media;9;6.130973884;8.682554036;15;0;16.15281631;1846208.227
1034.444908;5;Industrial;Baja;2;2.794384921;6.236606898;27;0;12.73113282;1645306.589
1527.95503;8;Residencial;Media;4;27.44505989;3.461804924;36;1;25.12567929;2350250.173
692.3356994;7;Industrial;Baja;6;25.73552383;9.776558901;44;1;29.57635989;1972863.845
1098.386438;7;Comercial;Baja;9;18.81385643;5.028081828;34;1;15.97385749;2252217.701
769.6098036;9;Residencial;Media;12;1.835343021;5.760545593;14;0;22.31148354;1742048.676
570.9831737;1;Residencial;Alta;9;12.7026208;10.05103756;31;0;22.57169575;1319439.747
1142.880844;6;Residencial;Media;2;10.5706205;5.356146567;40;1;13.95335647;1756366.909
886.2062023;8;Industrial;Baja;14;32.11088734;13.84660728;48;0;12.01469795;2598581.402
1135.897263;4;Comercial;Media;1;33.33720464;7.279420195;18;1;25.62681316;2124571.749
1104.325893;5;Industrial;Alta;1;6.904161874;8.275647865;22;0;19.58354873;2003130.698
659.2026434;7;Comercial;Alta;8;46.29721114;4.169612752;15;0;18.56965413;1831017.481
1268.921931;3;Comercial;Alta;10;14.70919378;3.803258495;16;1;26.46457907;2083831.967
1134.664736;6;Residencial;Alta;7;17.83496213;1.086270107;34;1;13.31818777;1969327.896
1348.802881;7;Residencial;Media;4;15.86297475;3.117363241;30;0;22.3631312;2034136.024
1031.731678;7;Comercial;Alta;13;23.12541079;5.386012805;17;1;16.07783206;2213857.528
1432.45949;7;Comercial;Baja;14;38.13576934;2.490038595;29;0;19.64486491;2609864.872
735.8075516;2;Comercial;Alta;10;14.81530294;6.683786466;21;1;25.17852863;1649179.919
812.0143733;4;Residencial;Media;6;5.443412147;1.341587604;14;0;10.37740976;1260379.443
842.1824882;6;Comercial;Alta;13;3.667660301;6.762765296;30;1;25.15026182;2099326.972
523.7725327;2;Industrial;Baja;10;29.1760349;2.326112167;27;0;24.4554521;1206250.044
787.2838179;7;Residencial;Media;6;9.543627904;6.784086209;11;0;21.6819725;1799513.705
623.1202828;8;Comercial;Baja;4;5.834603148;8.745522212;12;0;28.55371066;1748168.555
661.0826329;1;Industrial;Alta;11;4.028208334;3.306496783;35;0;19.74131177;1276809.22
876.9866489;9;Residencial;Media;6;15.80241383;1.779261272;31;0;21.22968367;1748759.953
1100.627512;2;Residencial;Baja;13;12.43495157;6.274702162;17;1;22.65660991;1910529.132
677.6204878;2;Industrial;Baja;13;12.22251071;5.376309471;41;0;27.92697698;1454004.641
2186.30085;8;Comercial;Media;3;23.26452159;8.717795785;10;0;16.21288835;3509819.371
1192.580157;5;Residencial;Alta;13;6.137245804;4.383619471;31;1;18.22177163;1900923.811
1046.132696;1;Industrial;Alta;8;27.52710855;4.338692121;13;0;24.81497662;1867422.706
1707.753205;7;Residencial;Media;5;39.50060422;9.324822732;41;0;20.88786818;2935888.049
1137.244391;9;Comercial;Baja;7;15.02004779;4.171228783;34;1;26.86227063;2424169.528
655.197923;9;Residencial;Baja;6;4.995463637;7.869290709;27;0;16.76326128;1735577.395
1025.070695;7;Comercial;Media;9;5.959756874;10.45138136;20;1;15.10988819;2495116.05
867.6912621;1;Industrial;Media;11;6.051477009;4.880870631;31;1;21.8560049;1656959.062
956.6613682;5;Industrial;Media;8;19.840553;5.230447824;48;0;29.00800021;1747674.629
536.6204951;6;Residencial;Alta;1;22.84503569;5.370785133;43;1;20.99286021;1472227.328
841.9530741;9;Residencial;Baja;14;10.1134854;9.937330445;26;1;30.95129072;2144196.217
1869.949197;9;Residencial;Media;10;32.67965619;6.050117875;13;1;15.57587288;2952589.887
811.5306632;5;Comercial;Media;3;18.20481042;9.917814006;49;1;17.93131358;2046415.595
1771.833269;7;Comercial;Alta;6;6.88382711;7.46321634;47;0;13.59613504;2829942.478
611.213913;2;Industrial;Baja;6;33.01754816;5.582440902;27;0;14.24137521;1455357.8
825.0569137;7;Residencial;Baja;11;46.86809348;6.234452143;49;0;16.83325468;2045401.702
1511.343625;5;Industrial;Baja;13;13.89747868;4.803578733;25;1;24.52446509;2587275.061
958.2362591;1;Residencial;Media;6;22.67187222;3.997976475;23;1;26.58718201;1242679.199
824.4132111;1;Industrial;Alta;6;41.6858552;4.066956504;40;0;24.92315573;1517001.651
482.7359393;5;Industrial;Media;12;8.463432565;6.705459923;26;0;22.57131922;1529277.589
1026.311027;1;Industrial;Baja;14;25.62314617;4.040768469;11;1;16.49382158;1905241.061
1479.075334;7;Industrial;Baja;3;19.86101095;3.14348087;34;0;29.14577003;2408214.602
642.6311817;8;Residencial;Media;3;2.187671475;8.724379688;43;1;22.53845279;1590984.217
869.755501;6;Residencial;Alta;11;27.47757277;5.239615455;41;0;26.42086865;1857492.768
828.1102616;2;Industrial;Baja;7;26.10751733;5.698773878;30;1;21.55431118;1689423.95
605.6609318;9;Residencial;Baja;5;6.416796846;2.090436306;29;0;21.14877874;1276712.068
790.654652;6;Comercial;Alta;9;31.97103948;11.77220535;40;1;13.22767762;2462674.644
728.747285;3;Industrial;Baja;5;34.21498148;9.950511012;32;0;18.08143466;1702379.172
834.6292712;7;Comercial;Alta;7;7.322511698;5.544259118;15;0;19.67521267;1741679.39
992.0222515;6;Residencial;Media;6;25.61301545;3.715551417;44;1;19.42303259;1835176.971
696.9478248;7;Industrial;Baja;12;30.56899441;1.87839897;33;0;25.55425796;1697155.908
839.8293874;2;Comercial;Media;8;48.98277456;7.4846242;14;1;13.0034344;2067511.269
785.6707562;7;Comercial;Baja;14;10.66443714;11.16639788;41;0;29.90182858;2250576.296
1138.230114;5;Residencial;Baja;12;5.479608273;7.931610834;36;0;24.91863011;2051667.735
828.1041314;5;Residencial;Media;2;2.504186666;11.3143853;44;1;25.54629129;1801518.323
1623.390762;2;Residencial;Baja;4;10.6054576;4.993324009;28;1;21.96582169;2005147.848
778.818661;6;Residencial;Media;13;34.55348251;5.470630619;21;1;22.97644994;1940359.653
1413.416517;2;Comercial;Media;6;20.37747707;5.704909284;31;1;18.32523641;2387557.91
730.6276377;2;Comercial;Media;10;21.14646896;4.316444474;29;0;18.13082144;1599003.158
1025.75385;9;Residencial;Media;13;14.98343485;4.772327927;39;0;16.19968809;2005781.818
1002.10901;3;Industrial;Media;4;23.6740621;3.292891472;19;1;26.45500074;1747615.594
1414.964375;4;Industrial;Alta;14;51.90548267;12.80545195;47;1;18.55521762;3043819.262
979.171654;8;Industrial;Alta;3;23.05006537;3.467970354;36;1;17.26606259;1951164.343
1129.357153;8;Industrial;Baja;6;4.761905641;5.071215469;17;1;26.43445053;2131573.4
970.6936214;9;Industrial;Baja;9;9.988421306;7.015415741;39;1;20.24669582;2258196.083
857.8922195;5;Residencial;Baja;9;11.96259378;5.171177519;17;1;20.7614535;1638920.705
1210.150232;6;Industrial;Media;7;2.308381208;5.361518202;19;1;9.592124499;2080657.434
1099.602932;1;Comercial;Media;9;14.48795303;5.030401028;45;0;15.22840973;1994327.081
1283.674373;3;Comercial;Baja;12;4.258334577;2.582065878;48;1;26.79149153;2193131.513
1245.534992;5;Comercial;Alta;11;14.46692054;3.952646392;47;1;15.55497352;2395541.062
1243.7142;1;Comercial;Media;3;12.70256199;2.704661733;22;1;32.51695583;1817168.811
1192.760624;4;Residencial;Alta;7;19.22566386;7.59992016;10;0;21.22445832;2191441.81
1042.976034;3;Residencial;Alta;4;18.49292731;7.839118603;15;1;14.04499102;1780775.559
921.6362352;8;Residencial;Alta;7;36.76973256;7.365818858;21;1;21.02942037;2320353.227
1102.79591;7;Comercial;Media;3;17.0485708;7.701728686;36;1;11.24593449;2414481.126
695.7952692;3;Residencial;Alta;2;31.38356645;4.183674863;34;1;21.73018692;1304534.137
672.6580871;7;Industrial;Baja;3;36.49850183;3.302562392;28;0;9.361119418;1512604.812
761.2437635;6;Comercial;Baja;4;19.80323552;6.090181557;23;0;20.25353926;1615153.772
894.2510828;5;Industrial;Baja;7;36.35667333;4.200630791;42;1;21.3470423;1891942.053
1215.445253;2;Industrial;Baja;4;10.19410125;1.599560456;19;1;10.45640652;1721648.961
1443.804988;8;Residencial;Alta;11;10.70220884;6.415277001;23;1;19.00395988;2492416.096
790.7860577;5;Comercial;Baja;8;1.41552697;3.672443793;42;1;18.47328959;1655734.57
849.7776445;4;Comercial;Alta;14;14.55361263;7.181653034;46;1;25.32660659;2100534.512
1219.601968;7;Comercial;Alta;11;20.56349052;5.303802631;13;0;20.33803366;2088383.131
1495.022711;1;Comercial;Baja;1;23.64915861;3.513202145;13;1;23.56000476;2258518.024
1269.792713;7;Industrial;Alta;8;6.601496838;7.719602625;24;0;18.30664262;2302681.001
872.1247529;1;Industrial;Baja;8;40.44795507;5.385282026;14;0;17.12313653;1707759.512
468.6629351;5;Residencial;Baja;11;20.11183001;2.267754224;17;1;22.02370457;1252811.591
1466.931353;5;Residencial;Baja;14;2.956699337;3.109214354;28;0;12.53333438;2134232.267
1235.606185;2;Industrial;Baja;4;8.16060219;10.06379519;27;0;23.53900994;2246216.475
948.7828039;4;Comercial;Alta;9;25.00062487;2.079977525;18;1;15.92445142;1923879.249
886.8172181;8;Comercial;Baja;10;9.946141425;1.320798471;22;0;21.27177658;1916338.302
1587.30523;5;Industrial;Media;5;18.04235471;4.03283422;23;1;31.52770306;2475732.437
1168.7791;8;Residencial;Baja;7;4.114866058;4.519357751;13;0;23.5479236;1859625.138
784.4735292;4;Residencial;Media;7;24.50020344;4.126490784;36;1;21.90785169;1516364.248
1291.149162;7;Comercial;Media;4;3.349098943;2.599360385;24;1;23.57352094;2175364.277
829.1821632;9;Industrial;Baja;7;32.3999968;6.385924046;33;0;21.74684468;2089063.3
1217.102736;5;Comercial;Media;10;16.71216617;4.815178733;36;0;23.37838934;2178728.856
695.6489249;1;Industrial;Baja;11;9.848667472;2.655526526;45;1;22.67842399;1116725.515
1124.706376;1;Industrial;Media;13;19.16855106;4.234250901;15;0;20.940824;1824327.022
806.5094494;3;Comercial;Baja;3;14.32301603;11.98427344;31;0;20.84127424;1991452.165
795.479226;7;Industrial;Media;12;9.62732005;6.24481813;42;1;22.41718662;2134883.917
467.0034947;9;Industrial;Media;4;8.871416589;6.367996255;45;0;22.72972847;1475257.95
1370.634758;7;Industrial;Media;10;35.04743352;4.516344878;20;0;19.41885213;2480888.011
718.0746531;6;Industrial;Alta;3;37.37504646;7.124549696;27;0;21.53280669;1881491.949
657.3263346;2;Residencial;Baja;9;68.16749259;13.72015747;21;0;15.37373385;1847143.687
1424.125871;9;Industrial;Media;10;48.9595001;3.041787391;17;0;23.17161588;2541012.951
1124.580066;2;Residencial;Baja;8;16.36226613;1.56803763;19;0;10.76769188;1600852.932
823.6206015;6;Residencial;Baja;7;24.41977005;2.226636754;18;1;23.66057482;1497579.639
804.269849;1;Residencial;Alta;13;6.755617532;2.252795434;22;0;19.58536887;1384381
876.3424961;7;Industrial;Alta;10;32.43517888;8.270842358;39;0;17.35379004;2175669.008
679.6236164;6;Residencial;Media;3;5.952920093;3.82629169;27;1;25.19757584;1405398.593
976.1550985;9;Comercial;Media;5;23.89188191;5.920865261;21;1;24.32658738;2297575.961
877.0190592;8;Comercial;Alta;6;3.830238656;11.36884242;12;1;17.1433909;2280091.63
938.1992584;4;Comercial;Media;14;6.607534991;1.827200091;23;0;22.91343994;1904512.715
1294.806208;3;Residencial;Alta;8;37.58329499;4.195934792;33;1;20.13151696;2239798.369
642.6057886;5;Industrial;Media;13;37.52279566;8.397157388;35;1;17.48019805;1926294.137
978.4094999;2;Residencial;Media;7;27.78991463;12.94305297;47;0;17.12556878;2042436.251
1141.328322;9;Industrial;Baja;9;26.84700189;2.042538033;33;0;21.62120565;2191308.954
929.2914406;6;Residencial;Media;5;11.41768081;18.46672267;43;1;22.87183741;2469732.733
1180.184238;8;Residencial;Media;1;4.136946379;4.795878975;44;0;17.94784377;1983104.946
712.8811288;5;Comercial;Baja;7;19.4099128;4.617589122;37;1;18.49984237;1782084.06
910.590146;7;Residencial;Baja;8;48.46046427;5.698198241;35;1;17.86470784;2056895.373
1123.564139;6;Comercial;Baja;13;40.34907626;5.20049426;48;1;20.21371686;2416946.941
577.3647875;9;Residencial;Alta;1;14.37215008;3.374323414;15;1;22.06594636;1366757.797
577.1206954;5;Comercial;Alta;3;11.73032106;3.999254012;16;1;20.30241658;1323003.446
1513.098343;5;Industrial;Baja;11;19.05838267;11.53030985;49;0;15.21465598;2930213.638
1321.618546;4;Industrial;Baja;6;18.46630475;3.467067738;35;1;17.80298101;2347645.88
1680.407086;6;Residencial;Alta;12;20.94919703;16.22630422;24;0;15.61319439;3207627.366
1035.662178;9;Comercial;Alta;12;7.737638993;12.7045339;16;1;16.32229489;2722135.507
792.4923616;7;Industrial;Media;12;18.95941571;3.783857196;36;0;20.9688934;1914526.628
640.9289149;3;Comercial;Media;13;12.97080442;5.58297264;31;0;14.37041372;1619477.515
623.8246453;9;Comercial;Alta;11;15.24489745;2.905566283;37;1;15.05357611;1913378.189
1004.859318;5;Residencial;Baja;2;32.37958615;1.387946394;25;1;18.22035183;1564490.135
458.1714079;7;Industrial;Media;5;21.54909314;9.408433408;27;0;17.21590494;1386162.481
765.2957365;6;Comercial;Media;2;29.59723239;4.867149347;45;0;18.54902848;1648542.849
1126.851677;3;Residencial;Media;6;23.91954661;16.58275843;12;0;28.36288608;2430737.705
1441.714692;9;Comercial;Baja;12;12.03722665;11.43556345;20;0;12.74732348;2895122.123
1029.156236;9;Industrial;Alta;14;39.61868997;3.815207123;23;0;15.04036003;2316292.597
1084.201868;3;Comercial;Baja;5;18.78442152;9.093465891;48;0;13.0114252;2220422.282
744.1887959;3;Comercial;Baja;4;37.48764582;5.106802042;29;0;26.00119603;1686144.483
1136.858214;3;Industrial;Media;12;16.54495326;17.36113617;15;0;10.49965226;2754256.056
835.0120707;8;Comercial;Baja;4;17.10430472;14.03809821;44;0;18.93557355;2351621.426
926.4659561;8;Industrial;Media;5;5.512835513;3.53481778;20;0;23.45727915;1770746.811
1015.002617;3;Residencial;Media;1;8.605850752;6.206315335;39;1;22.59018437;1796270.196
808.3164462;4;Residencial;Baja;3;16.38379236;2.242778837;41;0;21.69181744;1184838.916
717.963838;2;Comercial;Media;5;40.0252786;3.689973384;27;0;26.54636117;1495827.734
1187.106601;7;Residencial;Alta;7;8.355118692;5.696393108;45;1;10.81054682;2113952.695
1029.071605;4;Industrial;Baja;9;19.94027226;4.290884569;16;0;27.80809729;1677363.223
461.4178068;2;Industrial;Media;6;19.20607007;2.523077315;17;0;28.00764312;1094307.996
1080.979775;1;Industrial;Media;5;4.610152139;4.080983823;39;1;22.36948158;1663315.707
1084.824946;5;Industrial;Baja;5;3.027851911;3.443176289;44;1;29.79902073;1865191.507
851.4937903;2;Residencial;Media;10;3.386365816;8.36904831;20;0;15.09869616;1841951.292
1074.240743;5;Comercial;Alta;2;16.94413471;8.122369001;43;1;18.29768578;2078972.877
811.3925358;7;Residencial;Alta;14;72.61587658;5.325755354;26;0;21.90281907;2026746.656
1265.436746;8;Residencial;Media;9;8.070701878;4.284256932;10;1;20.70973104;2272913.13
1326.894679;5;Industrial;Media;3;10.75476172;6.854747086;25;0;26.51131295;2010245.885
1536.705875;4;Industrial;Alta;1;23.64163016;7.727330887;43;0;17.04420553;2442844.571
560.2249408;8;Industrial;Baja;2;8.457137476;7.655333268;45;0;17.32993558;1639837.269
794.1429966;3;Comercial;Media;9;30.87062297;1.827273521;13;0;24.77541152;1459701.135
1249.069231;7;Comercial;Baja;3;6.902324444;6.779529782;17;0;30.99846745;2362037.144
1063.932569;4;Comercial;Baja;12;25.53756341;4.594582317;13;0;25.74170028;2007170.099
614.9750321;7;Residencial;Baja;9;34.29714236;4.598491266;38;0;17.37577006;1555182.632
490.6438447;4;Comercial;Alta;13;7.392285522;6.697928493;38;1;9.720922912;1756197.749
696.7653792;2;Residencial;Media;11;21.89622647;1.707311175;13;1;20.07186442;1248722.329
1006.515632;6;Industrial;Alta;2;8.080275255;7.492940017;37;0;17.96242988;1883670.035
1173.698291;7;Residencial;Media;1;19.47310373;6.843943679;17;1;22.53546918;2054595.863
1507.92205;3;Comercial;Alta;8;8.564617945;9.950392599;37;1;27.35269252;2618400.814
1086.251256;6;Residencial;Media;4;24.7757821;9.005885024;19;0;13.7302679;2104654.246
946.3860307;4;Comercial;Media;11;20.73766254;3.608865341;40;1;14.00547047;1975013.417
1037.023701;2;Industrial;Alta;1;12.92456712;5.388753063;30;0;25.25726729;1814922.733
1465.181054;6;Residencial;Baja;13;1.33177164;9.703064585;20;1;28.36395651;2505775.044
991.7822014;8;Residencial;Media;1;20.6359344;8.859957911;49;0;20.59395453;1980340.56
1388.057902;8;Comercial;Media;5;4.19923287;2.381717958;22;0;19.81080032;2348031.938
1201.976623;7;Comercial;Baja;2;25.18702574;1.680518636;40;1;23.24446468;2196132.108
918.1861695;9;Comercial;Alta;8;17.64800436;4.22989662;27;1;19.45978913;2084764.608
1309.041674;2;Comercial;Baja;4;18.55531343;0.286831046;24;0;23.96429815;1808922.193
1433.684981;1;Residencial;Alta;9;16.15708177;6.133822467;46;0;21.60479476;2167967.029
1361.430725;1;Residencial;Media;12;8.371459441;3.359545287;25;1;25.95915092;1860911.526
883.991513;4;Residencial;Alta;8;23.45265942;6.711667483;26;1;21.34624829;1859463.178
782.2468192;7;Comercial;Media;3;41.11755533;5.25616856;41;0;17.30938946;1994514.316
1231.477469;1;Industrial;Baja;13;4.906666057;9.396667396;21;1;20.09962942;2120882.062
1188.751403;7;Residencial;Alta;5;26.93610542;11.53457083;20;0;21.20450841;2275581.732
485.2763756;1;Comercial;Alta;2;9.039780141;9.385714852;18;0;17.90076297;1143182.585
834.7950046;1;Industrial;Baja;14;42.27357749;5.068901846;39;1;11.41935718;1991621.586
669.449531;5;Comercial;Alta;3;11.26686108;13.12417394;22;1;25.31517086;1968732.903
948.9060799;3;Comercial;Media;7;9.376201334;7.33532002;31;1;17.43034733;1935039.779
723.1620491;3;Comercial;Media;9;18.45171864;3.26636582;34;0;20.16050912;1577995.414
1256.643488;1;Industrial;Alta;4;1.369305029;2.921007784;18;0;27.78850396;1728411.239
830.6137215;8;Residencial;Alta;11;9.394959697;6.305104973;23;1;21.18787835;1918257.69
666.6910215;1;Industrial;Alta;11;44.68258995;6.386467036;46;1;12.15191948;1724396.501
839.9587861;4;Comercial;Baja;10;34.52764463;2.782390095;13;0;22.25725253;1784210.997
431.1585659;1;Residencial;Media;1;5.073472578;4.421654538;14;0;13.81004009;816017.9728
1032.483213;1;Residencial;Baja;14;12.85852641;5.669709782;20;0;24.21871162;1703994.01
588.1229991;6;Comercial;Alta;12;6.577569129;12.5897842;42;1;13.74950254;2079629.398
1356.007688;7;Residencial;Media;5;7.382871907;3.768033053;20;0;23.02185056;2149062.204
832.8689079;5;Residencial;Media;3;23.19543942;6.060418105;37;1;18.3058792;1602625.197
965.8572016;5;Industrial;Alta;1;58.94266465;7.055413713;42;1;18.26229244;2194186.583
619.4985611;1;Industrial;Media;4;12.76727887;8.168267158;31;1;17.77407818;1393119.863
711.9920646;6;Industrial;Media;6;2.551727314;2.913609055;29;1;24.43818652;1467932.813
